assignmentId,condition,experiment,hitId,id,study_id,workerId,rctComfort,currentlyDoingResearch,yearsExperience,has_phd,has_any_stats_training,has_read_rct,has_published,has_conducted_rct,has_took_course,has_analyzed_data,has_used_stats_software
009d07f1-7df6-44ea-a42b-a761f8c12d59,SE_POINTS_NO_FEEDBACK,PAPER_REVIEW_PILOT2,das-20210803-prod,7373e292-2dde-4b92-92d6-5089d380f6c7,paper-review-pilot-2,4501006464537369204515107537369209026231080192024,4,0,3-5 years,False,1.0,True,True,False,True,True,True
00db48e5-0507-4963-bf96-089ee66cf7b4,SE_NO_FEEDBACK,PAPER_REVIEW_PILOT2,das-20210803-prod,0fee6f65-c8eb-48fe-8cee-205f9be51724,paper-review-pilot-2,4501006464537369204515107537369209026231003150424,,,,,,,,,,,
01261c7d-cc28-4fa6-bf3d-e52735c52b4a,SE_POINTS_NO_FEEDBACK,PAPER_REVIEW_PILOT2,das-20210803-prod,f62a2557-606b-4c9e-9920-bb26c8544c07,paper-review-pilot-2,450100646453736920451513153736920902673720128024,,,,,,,,,,,
019c620d-b784-4f40-9d80-4ffd8f285086,SE_POINTS_NO_FEEDBACK,PAPER_REVIEW_PILOT2,das-20210803-prod,c347ed97-ee84-4f83-8fe9-a641752de18f,paper-review-pilot-2,450100645373692045151075373631080192024,,,,,,,,,,,
020aee7b-bbbf-4f16-9f8a-c41120c4f98e,SE_POINTS_NO_FEEDBACK,PAPER_REVIEW_PILOT2,das-20210803-prod,78826a0b-57f8-49ee-bf69-902b005a2d8a,paper-review-pilot-2,4501006464537369104472124537369108647031003150424,3,0,3-5 years,False,3.0,True,True,False,True,True,True
0218cf26-e5e8-4dcf-acab-600e1b1bf366,SE_NO_FEEDBACK,PAPER_REVIEW_PILOT2,das-20210803-prod,9b625b80-eb1d-4f40-ad44-e9053446124b,paper-review-pilot-2,050150605115150151486041092642832,3,1,1-2 years,False,1.0,True,True,True,True,False,True
0236204a-eea0-4253-b104-b715e2a0c252,SE_POINTS_NO_FEEDBACK,PAPER_REVIEW_PILOT2,das-20210803-prod,fef03686-dcde-4246-a11b-9dc202f7a0c0,paper-review-pilot-2,4501006464537369104472164537369108647131080192024,3,0,3-5 years,False,1.0,False,False,False,True,True,True
023b6ec7-178e-4493-8ff1-bd6e1d69b0d4,SE_NO_FEEDBACK,PAPER_REVIEW_PILOT2,das-20210803-prod,d719013c-47bd-46dc-bca4-f735296e2c00,paper-review-pilot-2,4501006464537369204515107537369209026231080192024,2,0,3-5 years,False,1.0,True,False,False,True,True,False
0244c60e-ac0b-4f63-a498-00151c51d4fc,SE_NO_FEEDBACK,PAPER_REVIEW_PILOT2,das-20210803-prod,fab335e2-0e8f-477f-91d8-fab6dc683672,paper-review-pilot-2,4501006464537369204515107537369209026231152204824,,,,,,,,,,,
02d911c8-d97e-49da-a708-abe9a8d616c9,SE_NO_FEEDBACK,PAPER_REVIEW_PILOT2,das-20210803-prod,1db14726-8101-4b26-96b2-b553dcdd485d,paper-review-pilot-2,4501006464537369204515131537369209026731000150024,,,,,,,,,,,
05a417be-8f5d-469d-8726-090578997348,SE_NO_FEEDBACK,PAPER_REVIEW_PILOT2,das-20210803-prod,d2f7ed32-1295-4ab5-a5a4-9a5b991a88a0,paper-review-pilot-2,4501006464537369204515131537369209026731080192024,,,,,,,,,,,
05cdf4e0-8599-49f2-ad26-d052c454f196,SE_POINTS_NO_FEEDBACK,PAPER_REVIEW_PILOT2,das-20210803-prod,23111c89-7514-43f5-8762-223e52a6bcf0,paper-review-pilot-2,450100646453736910447212453736910864673720128024,,,,,,,,,,,
061e1eec-960b-4b16-9f04-26a0a226a012,SE_POINTS_NO_FEEDBACK,PAPER_REVIEW_PILOT2,das-20210803-prod,a7655a68-c4c7-49ba-9f40-edaa06a9ca11,paper-review-pilot-2,450100645373692045151075373631440256024,,,,,,,,,,,
0674c555-999a-4264-a4e3-44643aa92950,SE_NO_FEEDBACK,PAPER_REVIEW_PILOT2,das-20210803-prod,2a5bbb56-dae3-46f9-8f0c-372093b2b0b8,paper-review-pilot-2,4501006464537369104472124537369108646731204180524,,,,,,,,,,,
0759d639-c44e-429e-928e-9a6113577831,SE_POINTS_NO_FEEDBACK,PAPER_REVIEW_PILOT2,das-20210803-prod,cb5a5521-f909-469d-b467-195d5d1a5087,paper-review-pilot-2,25010157537369204515131537362900144030,,,,,,,,,,,
07bc3e8d-d7f8-4410-bb1c-5914edbbc7c6,SE_NO_FEEDBACK,PAPER_REVIEW_PILOT2,das-20210803-prod,b082f635-e4b0-4839-9a3a-9bcc52662579,paper-review-pilot-2,4501006464537369204515107537369209026232560144024,2,0,3-5 years,False,1.0,True,False,False,True,True,True
08138815-3879-4f77-93c7-db84dcea91d3,SE_POINTS_NO_FEEDBACK,PAPER_REVIEW_PILOT2,das-20210803-prod,2d920e76-6fa7-4bad-8245-dcf1ac12f410,paper-review-pilot-2,05014716051151412151486041081237532,,,,,,,,,,,
0817c369-b5e3-46cb-99db-172687466729,SE_NO_FEEDBACK,PAPER_REVIEW_PILOT2,das-20210803-prod,6fc18192-7812-434c-bd85-7ff7cc43bc7f,paper-review-pilot-2,4501006464537369204515107537369209025531080192024,,,,,,,,,,,
0966c219-c515-4d55-b5b1-948f0feb6fbe,SE_POINTS_NO_FEEDBACK,PAPER_REVIEW_PILOT2,das-20210803-prod,fa27bb54-1340-491e-a2c6-04f757f3281f,paper-review-pilot-2,450100646453736920451510753736920902623720128024,,,,,,,,,,,
098176f0-fc69-423d-980a-74b4386eba03,SE_POINTS_NO_FEEDBACK,PAPER_REVIEW_PILOT2,das-20210803-prod,8269aa08-783f-4100-8ea3-b28d70d05bc8,paper-review-pilot-2,4501006464537369204515107537369209026231000150024,3,0,6-10 years,False,4.0,True,False,True,True,True,True
0b3ba232-3390-4e92-a464-cc85b9d909fa,SE_NO_FEEDBACK,PAPER_REVIEW_PILOT2,das-20210803-prod,e78f0e85-9625-45d9-b55c-49523d8cb424,paper-review-pilot-2,4501006464537369204515107537369209025531080192024,4,1,6-10 years,True,1.0,True,True,False,True,True,True
0b4b9f40-baef-416c-a543-554cf3ffe475,SE_POINTS_NO_FEEDBACK,PAPER_REVIEW_PILOT2,das-20210803-prod,55c8f013-0470-4090-93b8-7aa114c8cbb2,paper-review-pilot-2,4501006464537369204515131537369209026731003150424,2,0,3-5 years,False,2.0,True,True,False,False,False,True
0b6f8d3c-dbf0-4eec-bbc0-155886fc54fd,SE_NO_FEEDBACK,PAPER_REVIEW_PILOT2,das-20210803-prod,38c72ba8-e88a-48ac-ae5d-ddfbfe37c839,paper-review-pilot-2,4501006464537369104472164537369108647131080162024,,,,,,,,,,,
0c4bef02-ded9-4793-a31f-a514afed5b6d,SE_POINTS_NO_FEEDBACK,PAPER_REVIEW_PILOT2,das-20210803-prod,328119a6-86d6-4415-9f3b-37d8df52ef2f,paper-review-pilot-2,450100645373692045151075373631200192024,,,,,,,,,,,
0c5f689c-3329-4679-a421-cadc072e365f,SE_NO_FEEDBACK,PAPER_REVIEW_PILOT2,das-20210803-prod,3105ecdd-e4a9-47ee-9d6b-4767ab002c74,paper-review-pilot-2,4501006464537369204515107537369209026231080192024,4,0,6-10 years,False,2.0,True,False,True,True,True,False
0d75d932-e74d-4d39-9ed8-e629418c7ca9,SE_NO_FEEDBACK,PAPER_REVIEW_PILOT2,das-20210803-prod,286c40f1-9879-4720-a5d6-b9b29b17e705,paper-review-pilot-2,4501006464537369104472164537369108647131152204824,,,,,,,,,,,
0de25e12-8c3c-47f1-bf45-7288f5686832,SE_POINTS_NO_FEEDBACK,PAPER_REVIEW_PILOT2,das-20210803-prod,d814d601-590e-4af5-9f72-2123b4262d56,paper-review-pilot-2,05011253736770386511653736460645160073241224,,,,,,,,,,,
0df03ff4-65f8-40c1-9d9a-16ff53505cd1,SE_POINTS_NO_FEEDBACK,PAPER_REVIEW_PILOT2,das-20210803-prod,dde2f7bc-2cb1-4934-ba3d-f93f3ee5e665,paper-review-pilot-2,450100646453736910447216453736910864713720128024,,,,,,,,,,,
0ec17a40-1012-4e6a-afa6-ddc102ae0359,SE_NO_FEEDBACK,PAPER_REVIEW_PILOT2,das-20210803-prod,6f3b38d6-0902-4093-b566-0c685e0be31a,paper-review-pilot-2,450100645373692045151315373631152275224,,,,,,,,,,,
0f6f9090-950a-47a8-9dfb-4dbdfec7c666,SE_NO_FEEDBACK,PAPER_REVIEW_PILOT2,das-20210803-prod,5a953e95-8af7-4435-acd3-781d7b2e63fc,paper-review-pilot-2,4501006464537369204515131537369209026731000150024,,,,,,,,,,,
0f727b34-e532-473f-995f-28487550e1c1,SE_NO_FEEDBACK,PAPER_REVIEW_PILOT2,das-20210803-prod,5914817f-92cc-47f9-a13c-272480b99089,paper-review-pilot-2,4501006464537369204515107537369209025531080162024,,,,,,,,,,,
10264e26-878a-4b77-b304-36dc0f011816,SE_POINTS_NO_FEEDBACK,PAPER_REVIEW_PILOT2,das-20210803-prod,931ff988-e950-454c-ac6e-995569f681bb,paper-review-pilot-2,4501006464537369204515107537369209025531080192024,2,1,3-5 years,False,2.0,False,False,False,True,False,False
102b0903-0cab-47e1-8d5e-70d85abcd811,SE_POINTS_NO_FEEDBACK,PAPER_REVIEW_PILOT2,das-20210803-prod,19028e21-609c-40ed-a11d-cabaab557363,paper-review-pilot-2,4501006464537369204515131537369209026731080192024,3,0,Less than 1 year,True,1.0,True,True,False,True,True,True
1180b1d5-4dbd-45f3-b6fd-7a4ca0c8df4f,SE_POINTS_NO_FEEDBACK,PAPER_REVIEW_PILOT2,das-20210803-prod,6e40dc19-3b29-4e77-b9ab-b62ec59f73f6,paper-review-pilot-2,450100646453736930457718537369309611031200192024,2,0,6-10 years,False,1.0,False,True,False,False,False,False
12cb19e5-e33d-4b14-aa88-5eca7d6d0c8c,SE_POINTS_NO_FEEDBACK,PAPER_REVIEW_PILOT2,das-20210803-prod,4f9c25e1-97b9-4394-8c3b-18c39838516c,paper-review-pilot-2,4501006464537369104472124537369108647031080192024,,,,,,,,,,,
1378bc23-7288-4c2f-a7a4-62bfc7e172d6,SE_POINTS_NO_FEEDBACK,PAPER_REVIEW_PILOT2,das-20210803-prod,74f5829e-5e28-4379-bacf-a781dbd26bd6,paper-review-pilot-2,4501006464537369204515107537369209025531440256024,2,0,1-2 years,False,1.0,False,False,False,True,True,True
150f3150-5413-44ee-a0be-264ebe05c279,SE_NO_FEEDBACK,PAPER_REVIEW_PILOT2,das-20210803-prod,e8f0f52a-ab78-45f3-b90e-fb4006282303,paper-review-pilot-2,45010064645373692045151315373631080192024,3,0,6-10 years,True,1.0,False,False,False,True,True,True
15e8bb67-4dfd-4135-87eb-6f23a6d13524,SE_POINTS_NO_FEEDBACK,PAPER_REVIEW_PILOT2,das-20210803-prod,17519605-d3cb-4219-8597-0e8931cea0f5,paper-review-pilot-2,450100645373692045151075373631440256024,,,,,,,,,,,
165aa879-50be-4d92-b977-6fb81bb26393,SE_POINTS_NO_FEEDBACK,PAPER_REVIEW_PILOT2,das-20210803-prod,8438cd27-fff8-4b1e-a5de-7647f74d3682,paper-review-pilot-2,4501006464537369204515107537369209025531440256024,,,,,,,,,,,
16936ba1-9e88-4684-8b96-2bd99d4d6aeb,SE_POINTS_NO_FEEDBACK,PAPER_REVIEW_PILOT2,das-20210803-prod,a76017db-05f7-4b9a-937f-27738e840e99,paper-review-pilot-2,4501006464537369204515107537369209026231440344024,,,,,,,,,,,
183b0474-255a-4e85-a2e2-79a3d2db0dfd,SE_NO_FEEDBACK,PAPER_REVIEW_PILOT2,das-20210803-prod,505f6b22-63ea-4c52-ab27-c368d1586b97,paper-review-pilot-2,4501006464537369204515107537363864153624,,,,,,,,,,,
187d8c20-b23e-40d7-aefb-5744ed081617,SE_POINTS_NO_FEEDBACK,PAPER_REVIEW_PILOT2,das-20210803-prod,b450715e-9cce-45b9-b45c-da8295bb69b6,paper-review-pilot-2,450100645373692045151075373631200192024,,,,,,,,,,,
18ce0dfd-275c-4e68-8f3c-8a101a206008,SE_POINTS_NO_FEEDBACK,PAPER_REVIEW_PILOT2,das-20210803-prod,1ecf4b02-40e2-4ab2-91c2-9f8eedd63ff9,paper-review-pilot-2,450100646453736920451513153736920902673720128024,,,,,,,,,,,
192a7eb6-750a-4d21-b34f-944eeb551d05,SE_POINTS_NO_FEEDBACK,PAPER_REVIEW_PILOT2,das-20210803-prod,ac6b00be-5cbe-4103-b337-91d625624cff,paper-review-pilot-2,4501006464537369204515131537369209026731235219524,3,0,1-2 years,False,1.0,False,False,True,True,False,True
19ffe998-e2f5-471c-a0d8-2c37869f2268,SE_POINTS_NO_FEEDBACK,PAPER_REVIEW_PILOT2,das-20210803-prod,47e838a0-9d1d-430b-b25c-f164acd89acb,paper-review-pilot-2,4501006464537369204515107537369209026231440344024,,,,,,,,,,,
1a87ce2a-cc97-4317-ba16-5ba2a8617341,SE_POINTS_NO_FEEDBACK,PAPER_REVIEW_PILOT2,das-20210803-prod,85742d7e-3165-4ce3-809c-67c201fe59e1,paper-review-pilot-2,45010064645373692045151315373631440256024,,,,,,,,,,,
1b9ea59f-58d8-45fd-a662-bcf9fb3df529,SE_NO_FEEDBACK,PAPER_REVIEW_PILOT2,das-20210803-prod,f9a14574-b6f2-4203-88c8-54231cd58634,paper-review-pilot-2,05014716051151412151486041081237532,,,,,,,,,,,
1ced7294-92f1-4564-859f-6fc30340e568,SE_NO_FEEDBACK,PAPER_REVIEW_PILOT2,das-20210803-prod,dcf8cb75-3902-4a0d-b13c-15d6c3bc9a20,paper-review-pilot-2,4501006464537369104472124537369108647031000150024,,,,,,,,,,,
1e2cf90f-80e1-45c3-9af9-7506564d4c4d,SE_POINTS_NO_FEEDBACK,PAPER_REVIEW_PILOT2,das-20210803-prod,0495382d-9310-47f1-9975-d159d147cd40,paper-review-pilot-2,450100646453736910447216453736910864713720128024,,,,,,,,,,,
1fb83e53-545a-4089-ac90-d3239a75d02a,SE_NO_FEEDBACK,PAPER_REVIEW_PILOT2,das-20210803-prod,2eda919e-6450-4f9a-810e-39d8e1b4b4b9,paper-review-pilot-2,450100645373692045151075373631200192024,,,,,,,,,,,
2066015c-ad5c-4c5d-b5dc-8929e6deed15,SE_NO_FEEDBACK,PAPER_REVIEW_PILOT2,das-20210803-prod,47b52887-8fb4-4d10-bf74-fdc97864c192,paper-review-pilot-2,4501006464537369104472124537369108646731080162024,,,,,,,,,,,
20830ce4-be22-4fd2-85d5-dc5da76f70c9,SE_POINTS_NO_FEEDBACK,PAPER_REVIEW_PILOT2,das-20210803-prod,83372c12-ac58-461a-8948-72bf246408f6,paper-review-pilot-2,4501006464537369204515131537369209026731000150024,,,,,,,,,,,
20b80609-38ac-48ff-8633-4465941872b9,SE_POINTS_NO_FEEDBACK,PAPER_REVIEW_PILOT2,das-20210803-prod,1f44483b-897f-4482-9b93-861f3397358d,paper-review-pilot-2,4501006464537369204515131537369209026731080192024,,,,,,,,,,,
21d659e7-6b65-4fcf-a16f-501be85941aa,SE_POINTS_NO_FEEDBACK,PAPER_REVIEW_PILOT2,das-20210803-prod,f34c39e3-953b-4b1b-bfbc-5fc99ceeb715,paper-review-pilot-2,4501006464537369204515107537369209026231440256024,5,1,6-10 years,True,1.0,True,True,False,True,True,True
21f78811-5ee6-4315-9296-2e1b113688f8,SE_NO_FEEDBACK,PAPER_REVIEW_PILOT2,das-20210803-prod,08f92eaa-e10e-47b3-975b-50ee857b5a9a,paper-review-pilot-2,450100646453736920451510753736920902623720128024,,,,,,,,,,,
2254f436-e5a4-47a0-b64f-06bb6b811957,SE_NO_FEEDBACK,PAPER_REVIEW_PILOT2,das-20210803-prod,38d9ba66-92f7-4c83-8ce7-f2e812d9e1f8,paper-review-pilot-2,4501006464537369204515107537369209026231440256024,,,,,,,,,,,
238526b5-50fc-4f7d-9749-cc014f8e2a6d,SE_POINTS_NO_FEEDBACK,PAPER_REVIEW_PILOT2,das-20210803-prod,fdf5f209-81ad-4ea3-8f03-b9c302e3a85a,paper-review-pilot-2,4501006464537369204515107537369209026231080192024,3,0,1-2 years,False,1.0,False,True,True,True,True,True
239ae41e-d4a1-46ed-8be2-0432cbd5f50d,SE_POINTS_NO_FEEDBACK,PAPER_REVIEW_PILOT2,das-20210803-prod,6f511559-c970-4425-a13b-0f5fb291c611,paper-review-pilot-2,4501006464537369204515107537369209026231000150024,,,,,,,,,,,
244cd333-8194-404a-ac01-302ca1e99d3f,SE_NO_FEEDBACK,PAPER_REVIEW_PILOT2,das-20210803-prod,c29bf5b6-dd6f-49e3-beef-cdc8a18d1432,paper-review-pilot-2,450100646453736930457718537369309611131080162024,,,,,,,,,,,
26f6fa80-cfb1-4e11-b2e1-2f1c0ae989c0,SE_POINTS_NO_FEEDBACK,PAPER_REVIEW_PILOT2,das-20210803-prod,d01d8710-0d9e-40d9-b292-4affb1445326,paper-review-pilot-2,4501006464537369104472124537369108647031000150024,,,,,,,,,,,
278a7f2b-c9da-4c28-9e39-c718cf661f54,SE_NO_FEEDBACK,PAPER_REVIEW_PILOT2,das-20210803-prod,872e499e-696b-485b-ac0d-9f5d17e3002a,paper-review-pilot-2,4501006464537369304544053736930933131440256024,2,1,6-10 years,False,1.0,False,True,False,True,False,False
2803e11d-c97e-4bc7-bbf2-9d059b8f0923,SE_POINTS_NO_FEEDBACK,PAPER_REVIEW_PILOT2,das-20210803-prod,0e15c859-a32f-4b6c-b8e7-c8694a8d7a96,paper-review-pilot-2,0501466051151411151486041084439032,,,,,,,,,,,
283764f9-cba6-4ff3-a795-fd5e1c82dcb8,SE_POINTS_NO_FEEDBACK,PAPER_REVIEW_PILOT2,das-20210803-prod,29c14fbb-ea43-40da-ac97-0fbaa8952638,paper-review-pilot-2,4501006464537369204515107537369209026231440344024,,,,,,,,,,,
28d21ee9-b472-4ae4-8cd5-c6b8854e2cf3,SE_NO_FEEDBACK,PAPER_REVIEW_PILOT2,das-20210803-prod,125fcbfb-85c0-4da9-a9da-20be33a5e3e1,paper-review-pilot-2,4501006464537369204515107537369209026231440344024,2,1,3-5 years,False,3.0,True,False,True,True,True,True
28d23742-add1-445c-8b8c-26823c01a5b5,SE_NO_FEEDBACK,PAPER_REVIEW_PILOT2,das-20210803-prod,c7a379d4-3f56-434b-86f2-b46b9dd79133,paper-review-pilot-2,4501006464537369204515107537369209026231080384024,,,,,,,,,,,
2934bdd8-7c31-4f78-9bd3-077fb7ed44b6,SE_NO_FEEDBACK,PAPER_REVIEW_PILOT2,das-20210803-prod,b1e9a4e7-c79b-4d60-ac7c-caa2143ecbec,paper-review-pilot-2,050147605115920451590151486041081237532,,,,,,,,,,,
2a4b4531-2b5b-4078-b7eb-3442d0b71066,SE_POINTS_NO_FEEDBACK,PAPER_REVIEW_PILOT2,das-20210803-prod,952c9cd9-2a9e-4ff9-a71c-19d61e8c89cb,paper-review-pilot-2,4501006464537369204515107537369209026231080162024,,,,,,,,,,,
2af08698-325c-4ca3-b3da-9b65c94a3107,SE_NO_FEEDBACK,PAPER_REVIEW_PILOT2,das-20210803-prod,15d1b6cc-dfd3-4d62-93a9-d5c10bdb09b9,paper-review-pilot-2,4501006464537369204515107537369209025531000150024,,,,,,,,,,,
2af637c7-c6f0-463b-8443-49005226b668,SE_POINTS_NO_FEEDBACK,PAPER_REVIEW_PILOT2,das-20210803-prod,ad7a6c22-0171-4497-8728-df94133b7946,paper-review-pilot-2,450100646453736920451510753736920902553864153624,,,,,,,,,,,
2baa64bf-1d4d-40af-bf9d-623542debb71,SE_NO_FEEDBACK,PAPER_REVIEW_PILOT2,das-20210803-prod,dc9bb47b-f122-4c7b-907f-8c382add3449,paper-review-pilot-2,450100645373692045151075373631080192024,3,1,3-5 years,False,1.0,False,False,False,True,False,True
2bc159e2-3b76-4073-93e4-a80efed65472,SE_POINTS_NO_FEEDBACK,PAPER_REVIEW_PILOT2,das-20210803-prod,9a0d806f-e034-4585-8d97-6b9b4662baa9,paper-review-pilot-2,4501006464537369204515107537369209026231152275224,,,,,,,,,,,
2cf3564e-3723-4273-9d4f-7900271539aa,SE_NO_FEEDBACK,PAPER_REVIEW_PILOT2,das-20210803-prod,4bd34d5f-affb-49c2-90eb-1a58ad8885e9,paper-review-pilot-2,4501006464537369204515107537369209025531110166424,4,1,6-10 years,False,1.0,True,True,False,True,False,False
2d16172e-8755-43b6-9ba9-e5d602333c22,SE_NO_FEEDBACK,PAPER_REVIEW_PILOT2,das-20210803-prod,89eacca1-8dbb-4a96-ac7e-574b68ecada2,paper-review-pilot-2,4501006464537369104472124537369108647031080192024,3,1,1-2 years,False,2.0,True,True,True,True,True,True
2d600d13-2ddd-4643-b540-47ecdeab8dfd,SE_POINTS_NO_FEEDBACK,PAPER_REVIEW_PILOT2,das-20210803-prod,034bdd85-b952-449e-9af9-07dc5d086702,paper-review-pilot-2,4501006464537369204515107537369209025531440256024,,,,,,,,,,,
2e38a298-1999-4a42-8670-1dd4e3c494da,SE_NO_FEEDBACK,PAPER_REVIEW_PILOT2,das-20210803-prod,53d0f1cf-4b4d-45d4-8291-fa13dfb3c133,paper-review-pilot-2,450100646453736920451510753736920902623864153624,,,,,,,,,,,
2faf993d-1538-40e1-8ca6-57ec42fd9800,SE_POINTS_NO_FEEDBACK,PAPER_REVIEW_PILOT2,das-20210803-prod,50850786-e1ac-46cb-9db0-cc6c15a1190b,paper-review-pilot-2,4501006464537369204515107537369209026231440256024,,,,,,,,,,,
30296769-ae5c-443b-9c0d-dc39bf156892,SE_POINTS_NO_FEEDBACK,PAPER_REVIEW_PILOT2,das-20210803-prod,4c94a6f3-7754-4812-956a-6e4c7bf67c93,paper-review-pilot-2,4501006464537369204515107537369209026231080256024,,,,,,,,,,,
30297bb0-32df-4eed-92bf-90e9a491d1b1,SE_NO_FEEDBACK,PAPER_REVIEW_PILOT2,das-20210803-prod,838d14d0-98e2-4a86-9e2c-6281a0db02bb,paper-review-pilot-2,4501006464537369104472124537369108647031200192030,,,,,,,,,,,
30687080-4956-4018-9f13-297ddfea2836,SE_POINTS_NO_FEEDBACK,PAPER_REVIEW_PILOT2,das-20210803-prod,4d7b78f9-8e56-495e-b48f-2c71260c0d1d,paper-review-pilot-2,4501006464537369204515107537369209026231080162024,2,0,1-2 years,False,1.0,False,False,True,False,True,False
31ca1c7d-6ba3-49ca-bc7a-9abc97310d62,SE_POINTS_NO_FEEDBACK,PAPER_REVIEW_PILOT2,das-20210803-prod,c978af4f-2219-4f50-8470-83018b3e0d60,paper-review-pilot-2,4501006464537369204515107537369209026231000150024,,,,,,,,,,,
31f852d3-249c-477d-93f7-ec48ccb651c2,SE_NO_FEEDBACK,PAPER_REVIEW_PILOT2,das-20210803-prod,7bf1b38d-40c9-4acc-8613-7c57411f1137,paper-review-pilot-2,4501006464537369204515107537369209026231080192024,,,,,,,,,,,
331b480d-7ef3-4140-a4b4-bd247ccb8db0,SE_NO_FEEDBACK,PAPER_REVIEW_PILOT2,das-20210803-prod,0d53994f-6f85-477d-a9e0-540e6b943b3d,paper-review-pilot-2,4501006464537369104472164537369108647131080192024,,,,,,,,,,,
33b96694-4d7a-4d25-8e1e-64f172f08558,SE_POINTS_NO_FEEDBACK,PAPER_REVIEW_PILOT2,das-20210803-prod,fc5ef055-1a2f-4d70-a04f-a56e6cf1c8c7,paper-review-pilot-2,4501006464537369204515107537369209026231200192024,4,0,6-10 years,False,1.0,True,False,True,False,True,True
340470f0-b4f7-4d08-8556-fa03c9436fa0,SE_POINTS_NO_FEEDBACK,PAPER_REVIEW_PILOT2,das-20210803-prod,7799f9b2-21c9-409d-b96b-925cfb61303a,paper-review-pilot-2,4501006464537369204515131537369209026731440344024,,,,,,,,,,,
34242223-8b57-4ee6-8b3f-b5ea60819666,SE_POINTS_NO_FEEDBACK,PAPER_REVIEW_PILOT2,das-20210803-prod,79ac736f-e47a-4b99-a1be-1f634a230b53,paper-review-pilot-2,4501006464537369204515131537369209026731200192030,,,,,,,,,,,
356741e6-b88a-4a2e-b531-016fb4f9b6a6,SE_POINTS_NO_FEEDBACK,PAPER_REVIEW_PILOT2,das-20210803-prod,054d681f-a442-4021-a023-89e49643a3dd,paper-review-pilot-2,4501006464537369204515131537369209026731200192024,3,0,3-5 years,False,1.0,False,True,False,True,False,True
36258df3-720f-4c77-b4ef-910f7a411ea2,SE_NO_FEEDBACK,PAPER_REVIEW_PILOT2,das-20210803-prod,03d0d1bb-96de-4829-8149-4c0deb7962a4,paper-review-pilot-2,45010064537369204515107537363752112824,3,1,6-10 years,False,2.0,True,True,True,True,True,True
36ae2a18-7372-4b8e-8991-66fdae338951,SE_POINTS_NO_FEEDBACK,PAPER_REVIEW_PILOT2,das-20210803-prod,02ba0dae-f362-4d0a-87eb-c4ff9c900772,paper-review-pilot-2,4501006464537369204515107537369209025531440256024,3,0,3-5 years,False,4.0,True,False,True,True,True,True
37a8d818-10a2-4cc3-8235-7b3a9c8bfe96,SE_NO_FEEDBACK,PAPER_REVIEW_PILOT2,das-20210803-prod,bbc9eaba-e093-4faf-b8b7-2fcf72cff5e6,paper-review-pilot-2,4501006464537369204515107537369209026231440256024,,,,,,,,,,,
37b9a21a-044b-4c87-be10-cbbb2126b9b0,SE_NO_FEEDBACK,PAPER_REVIEW_PILOT2,das-20210803-prod,efa5a95f-ad01-4995-8038-633bc33e7cd0,paper-review-pilot-2,4501006464537369104472124537369108647031000150024,4,1,3-5 years,True,2.0,True,True,True,True,True,True
385fa586-5ddc-4255-a9d1-45a9da873486,SE_NO_FEEDBACK,PAPER_REVIEW_PILOT2,das-20210803-prod,f9d17485-0591-44f0-a335-3d150037aa50,paper-review-pilot-2,4501006464537369204515131537369209026731003150424,,,,,,,,,,,
3878042f-ca4b-45ed-9e09-99bcf1b04c4f,SE_NO_FEEDBACK,PAPER_REVIEW_PILOT2,das-20210803-prod,ea5cf4c9-972d-46e7-bfc7-1b17d8a891cc,paper-review-pilot-2,35010157605115141260511511440256024,,,,,,,,,,,
39d3e124-c7f9-4721-a171-95666c16a1b6,SE_NO_FEEDBACK,PAPER_REVIEW_PILOT2,das-20210803-prod,ee2bec45-7cdb-489a-8629-689f5f8a3513,paper-review-pilot-2,35010157605115141160511511440256024,4,1,1-2 years,True,1.0,True,True,False,True,False,True
3a159e6e-49bc-46a3-94c4-6475d39f2cb2,SE_POINTS_NO_FEEDBACK,PAPER_REVIEW_PILOT2,das-20210803-prod,86abb1b4-ac1b-4976-9bd7-f5674b01fa6b,paper-review-pilot-2,45010064645373693045771853736930961103912136824,2,0,6-10 years,False,2.0,True,False,True,True,True,True
3a531d25-e85a-4788-8f39-2d90d6cc8644,SE_POINTS_NO_FEEDBACK,PAPER_REVIEW_PILOT2,das-20210803-prod,f1229c38-583a-4d3c-81d5-e3c14e23003b,paper-review-pilot-2,0501466051151411151486041084439032,3,1,11-20 years,True,1.0,True,True,True,True,True,True
3af63c52-b589-4210-b8e7-434c4e82ac78,SE_POINTS_NO_FEEDBACK,PAPER_REVIEW_PILOT2,das-20210803-prod,a11ef713-cbac-40d7-878c-08ace09c3f52,paper-review-pilot-2,35010157605115141260511511440256024,,,,,,,,,,,
3b6a7b58-39bd-4e96-844f-25d560011be9,SE_NO_FEEDBACK,PAPER_REVIEW_PILOT2,das-20210803-prod,77f44bd7-ab7e-4e61-9f95-0a135077f6bc,paper-review-pilot-2,450100646453736920451513153736920902673922163924,,,,,,,,,,,
3c18ee3e-bd18-40e3-80f8-7a9f0fb89b62,SE_POINTS_NO_FEEDBACK,PAPER_REVIEW_PILOT2,das-20210803-prod,1a4f1278-bb9b-4665-93e0-6b062adf4aa7,paper-review-pilot-2,450100645373691044721645373631440256024,,,,,,,,,,,
3c55a37b-957c-49ca-af24-10f877d8737e,SE_NO_FEEDBACK,PAPER_REVIEW_PILOT2,das-20210803-prod,3a703646-068d-4ef1-92bf-1325c00586bd,paper-review-pilot-2,4501006464537369204515107537369209026231080192024,,,,,,,,,,,
3cb0619c-358c-4f18-b71a-f1561e48e8a3,SE_POINTS_NO_FEEDBACK,PAPER_REVIEW_PILOT2,das-20210803-prod,e6dde25c-cd48-4f12-b3fa-4955436b9174,paper-review-pilot-2,4501006464537369204515107537369209026231000150024,,,,,,,,,,,
3e57683b-3a0b-44af-b0f0-46235c561ba4,SE_POINTS_NO_FEEDBACK,PAPER_REVIEW_PILOT2,das-20210803-prod,7ceb9d8b-4950-4e61-a63d-d3632f0f52f9,paper-review-pilot-2,4501006464537369204515107537369209026231152204824,4,0,6-10 years,True,1.0,True,True,False,True,False,True
3ff20ec2-2bfc-4f09-8118-499b423e5dc0,SE_POINTS_NO_FEEDBACK,PAPER_REVIEW_PILOT2,das-20210803-prod,eb462ca5-fe03-4dd0-bc0a-102bec9e0fcb,paper-review-pilot-2,4501006464537369104472124537369108646731200192024,4,0,6-10 years,False,0.0,False,False,False,False,False,False
413c41b0-034a-4efe-ab17-78b921466eb1,SE_POINTS_NO_FEEDBACK,PAPER_REVIEW_PILOT2,das-20210803-prod,2207cc58-c41e-4865-b38b-53d29f03416a,paper-review-pilot-2,4501006464537369204515107537369209026231440256024,4,1,3-5 years,False,1.0,True,True,True,True,True,True
41e8a98d-b2d6-436a-a3c6-97b85f5cafab,SE_NO_FEEDBACK,PAPER_REVIEW_PILOT2,das-20210803-prod,f816edb6-4fd0-436f-83eb-e64465fdbfe0,paper-review-pilot-2,4501006464537369204515131537369209026731003150424,,,,,,,,,,,
42442657-0812-44ce-ab4d-e14b3e9b38fd,SE_NO_FEEDBACK,PAPER_REVIEW_PILOT2,das-20210803-prod,0124d57e-3709-486e-bb65-a0c904c60766,paper-review-pilot-2,4501006464537369204515107537369209025531728307224,,,,,,,,,,,
4273bfda-804a-4f5d-819f-5ae198f87a25,SE_NO_FEEDBACK,PAPER_REVIEW_PILOT2,das-20210803-prod,a283bb17-617b-42fb-9698-51251ac734da,paper-review-pilot-2,450100646453736920451510753736920902623720128024,,,,,,,,,,,
42dffe92-009e-4993-931f-c1560f856374,SE_NO_FEEDBACK,PAPER_REVIEW_PILOT2,das-20210803-prod,17b830f8-b9ac-494a-990c-27330be53c3c,paper-review-pilot-2,450100646453736920451510753736920902623720128024,,,,,,,,,,,
437c83f7-b8d7-4b2d-8a7f-f280cbdb05f9,SE_POINTS_NO_FEEDBACK,PAPER_REVIEW_PILOT2,das-20210803-prod,b9180c33-ddbf-4685-998e-3971a08acdfa,paper-review-pilot-2,4501006464537369204515107537369209026231235219524,4,1,20+ years,False,2.0,True,False,True,False,True,True
44738754-68c3-44b1-8866-337f76007934,SE_POINTS_NO_FEEDBACK,PAPER_REVIEW_PILOT2,das-20210803-prod,ce194d51-57e6-4a4c-b74c-6fd78c6ec6d3,paper-review-pilot-2,4501006464537369204515107537369209026231003150424,3,1,6-10 years,True,1.0,True,True,True,True,True,True
44fa11a3-8d06-4329-91b3-c097a94bd4fd,SE_POINTS_NO_FEEDBACK,PAPER_REVIEW_PILOT2,das-20210803-prod,a7072467-eb04-4958-8df0-19946ac2cc0f,paper-review-pilot-2,450100646453736920451510753736920902623864153624,,,,,,,,,,,
45c0a632-ef35-46c2-b6ca-e7f264c528d3,SE_POINTS_NO_FEEDBACK,PAPER_REVIEW_PILOT2,das-20210803-prod,a160ed59-aa48-42c5-afe9-2b9c38177255,paper-review-pilot-2,0501466051151411151486041084439032,,,,,,,,,,,
4688a22b-04fa-4595-b8f0-e9d064df197a,SE_POINTS_NO_FEEDBACK,PAPER_REVIEW_PILOT2,das-20210803-prod,27646ff8-ccae-4afd-ba32-5b472606ba7b,paper-review-pilot-2,4501006464537369104472124537369108647031080162024,3,0,1-2 years,True,2.0,True,True,True,True,True,True
46ea9a04-34ea-4421-ba26-543f519f5909,SE_NO_FEEDBACK,PAPER_REVIEW_PILOT2,das-20210803-prod,f83bbbad-84eb-4cf4-a1e1-2438d542a5f1,paper-review-pilot-2,4501006464537369204515131537369209026731080192024,3,0,3-5 years,False,1.0,True,True,False,True,False,True
475e0aae-29b0-4d39-ac23-97d9cfb0644d,SE_NO_FEEDBACK,PAPER_REVIEW_PILOT2,das-20210803-prod,4fb20862-bf4a-47cf-b727-2a826783420e,paper-review-pilot-2,450100646453736920451510753736920902623720128024,2,0,Less than 1 year,False,2.0,True,False,False,False,False,True
47b8f5c1-64cb-47de-a4f4-1b9b2f4c7d7b,SE_POINTS_NO_FEEDBACK,PAPER_REVIEW_PILOT2,das-20210803-prod,0eeca82e-3a22-46ba-95f9-135b7667c664,paper-review-pilot-2,4501006464537369204515131537369209026731600256024,,,,,,,,,,,
4958668c-9eb9-4c1d-ba9a-715fd87aeaa8,SE_POINTS_NO_FEEDBACK,PAPER_REVIEW_PILOT2,das-20210803-prod,5bedecfa-9e1f-4f01-a39a-de2ec73cc6b8,paper-review-pilot-2,4501006464537369204515107537369209026231000150024,4,1,6-10 years,False,4.0,False,False,True,True,True,True
4a8d8602-c529-405d-95df-a17885e36c87,SE_POINTS_NO_FEEDBACK,PAPER_REVIEW_PILOT2,das-20210803-prod,c5e6d374-13ea-402d-a21d-7d631e3020ee,paper-review-pilot-2,4501006464537369204515107537369209026231440344024,2,0,Less than 1 year,False,3.0,True,False,False,True,True,True
4aee13fd-a289-4805-8dfb-03c98a3f4b50,SE_NO_FEEDBACK,PAPER_REVIEW_PILOT2,das-20210803-prod,c4cd1509-0416-4429-9d58-a31311df3ac5,paper-review-pilot-2,450100646453736920451510753736920902623864153624,2,0,1-2 years,False,1.0,False,False,False,True,False,True
4cf6167f-cf0f-4146-b167-652e200b8891,SE_POINTS_NO_FEEDBACK,PAPER_REVIEW_PILOT2,das-20210803-prod,c7e4b269-4e68-4733-a218-e35e0aa41735,paper-review-pilot-2,4501006464537369104472124537369108646731080192024,4,0,11-20 years,True,1.0,True,True,True,True,True,True
4dab4766-150f-4363-8402-a541975e1d81,SE_NO_FEEDBACK,PAPER_REVIEW_PILOT2,das-20210803-prod,f33d4d98-6cd4-4203-9934-047e15a409e0,paper-review-pilot-2,4501006464537369204515131537369209026731000150024,,,,,,,,,,,
4edfd8bf-6ff3-4732-a31a-f339cc533cb7,SE_POINTS_NO_FEEDBACK,PAPER_REVIEW_PILOT2,das-20210803-prod,5e5cc330-b5c2-4960-8b27-5523a4da24ee,paper-review-pilot-2,4501006464537369204515107537369209026231200192024,,,,,,,,,,,
4fccd338-0afa-4bce-b16b-d1dca8179139,SE_NO_FEEDBACK,PAPER_REVIEW_PILOT2,das-20210803-prod,cbe73984-f38e-445d-a2f7-d980ee776d3c,paper-review-pilot-2,4501006464537369204515107537369209026231080192024,1,0,Less than 1 year,False,1.0,False,False,False,True,True,True
513e5195-b858-4c1b-9307-a9c125181d19,SE_NO_FEEDBACK,PAPER_REVIEW_PILOT2,das-20210803-prod,11e35a32-6c0a-41c4-a467-c38f317c0567,paper-review-pilot-2,45010157537369204515107537363900144030,,,,,,,,,,,
52290301-96c6-475e-9138-9c6745d1384a,SE_NO_FEEDBACK,PAPER_REVIEW_PILOT2,das-20210803-prod,9f5436d5-b8d7-49cc-8536-5d58dcff1b75,paper-review-pilot-2,4501006464537369204515107537369209026231003150424,,,,,,,,,,,
52421cdc-819b-47fe-8130-3aa00dd446e7,SE_NO_FEEDBACK,PAPER_REVIEW_PILOT2,das-20210803-prod,51dc96f7-0aae-437b-b8c7-c8269a756f57,paper-review-pilot-2,4501006464537369104472101537369108644831080192024,4,1,3-5 years,False,1.0,True,True,True,True,True,True
5336d669-46a4-4c69-bf8b-7345f3f5ec36,SE_POINTS_NO_FEEDBACK,PAPER_REVIEW_PILOT2,das-20210803-prod,6e6e0c0a-2368-4dc9-910a-10ca939d6a36,paper-review-pilot-2,450100646453736920451513153736920902673720128024,,,,,,,,,,,
53d2d936-aba3-4092-9865-a2cafe66606d,SE_NO_FEEDBACK,PAPER_REVIEW_PILOT2,das-20210803-prod,b70dace8-98be-4ffc-8fd8-f07ffbf26c91,paper-review-pilot-2,4501006464537369104472164537369108647131440256024,2,0,11-20 years,False,2.0,True,False,True,True,False,False
54094e17-37f2-4786-b6a4-98dd273b2bcd,SE_POINTS_NO_FEEDBACK,PAPER_REVIEW_PILOT2,das-20210803-prod,4a14a1b0-09a8-4894-8162-370075e15b33,paper-review-pilot-2,4501006464537369204515107537369209026231080256024,,,,,,,,,,,
54ad435d-ad06-4380-84c9-393c518f3941,SE_NO_FEEDBACK,PAPER_REVIEW_PILOT2,das-20210803-prod,605f574c-02b5-4ba7-849b-0e8103a58e7e,paper-review-pilot-2,4501006464537369204515107537369209025531110166424,,,,,,,,,,,
5529be8b-f04b-4206-ada1-ec55dc54229a,SE_POINTS_NO_FEEDBACK,PAPER_REVIEW_PILOT2,das-20210803-prod,bab8b703-029a-4737-910c-885f9029dd7b,paper-review-pilot-2,4501006464537369204515131537369209026731110166424,,,,,,,,,,,
56a9afe8-0a99-4fb5-a905-7c0832d2e377,SE_POINTS_NO_FEEDBACK,PAPER_REVIEW_PILOT2,das-20210803-prod,47a4dcce-9fe0-4b22-83cf-ec85dae5d464,paper-review-pilot-2,45010064537369204515107537363752112824,,,,,,,,,,,
571a0b82-68bd-46e3-a425-97b5af458fe2,SE_NO_FEEDBACK,PAPER_REVIEW_PILOT2,das-20210803-prod,6f5f5459-2726-4842-abbf-4ae899b3d434,paper-review-pilot-2,4501006464537369204515107537369209026231080162024,,,,,,,,,,,
586265ff-3982-4926-98e6-b125a5e8ccd8,SE_POINTS_NO_FEEDBACK,PAPER_REVIEW_PILOT2,das-20210803-prod,f6028d5a-8d9c-4d8c-8e3d-c497a4abf05c,paper-review-pilot-2,450100646453736920451513153736920902673864153624,,,,,,,,,,,
58bb812b-70cc-4079-b0f3-f45cc36eefa5,SE_POINTS_NO_FEEDBACK,PAPER_REVIEW_PILOT2,das-20210803-prod,a1d4ef63-3d9a-44f7-8aff-d389d7ba4cfc,paper-review-pilot-2,450100645373692045151315373631235185224,,,,,,,,,,,
58cc39b1-1cb2-49d4-8e8a-460d0eb5b162,SE_POINTS_NO_FEEDBACK,PAPER_REVIEW_PILOT2,das-20210803-prod,2652e10c-b78b-403b-b606-cbd5c3fb472c,paper-review-pilot-2,4501006464537369204515107537369209026231080162024,,,,,,,,,,,
5913c5d2-1212-4d26-85b4-f61a58dee792,SE_POINTS_NO_FEEDBACK,PAPER_REVIEW_PILOT2,das-20210803-prod,f95b20f1-86ad-4346-803b-86e9f49e1b4d,paper-review-pilot-2,450100646453736920451510753736920902623720128024,2,1,Less than 1 year,False,1.0,False,False,True,True,False,False
59a0ab08-0824-4176-9edb-2d82bfde3829,SE_POINTS_NO_FEEDBACK,PAPER_REVIEW_PILOT2,das-20210803-prod,54a59f90-78f8-42c7-9a5a-4e6afb7b24e7,paper-review-pilot-2,4501006464537369204515107537369209025531003150424,,,,,,,,,,,
5a74ccd7-4c13-4a67-83a0-3761029569ed,SE_NO_FEEDBACK,PAPER_REVIEW_PILOT2,das-20210803-prod,616a1d20-2991-450a-9729-9ea359672b0f,paper-review-pilot-2,4501006464537369104472124537369108647031440344024,4,0,6-10 years,True,1.0,True,True,True,True,True,True
5ad0e1b7-7435-4b42-b783-f3eb477a3a19,SE_POINTS_NO_FEEDBACK,PAPER_REVIEW_PILOT2,das-20210803-prod,ad004375-08af-4b49-8b94-babe14f6f97e,paper-review-pilot-2,4501006464537369204515107537369209026231080192024,,,,,,,,,,,
5b65c32b-996a-411d-87fd-17c7800641a8,SE_NO_FEEDBACK,PAPER_REVIEW_PILOT2,das-20210803-prod,ced63851-e7ef-4269-a661-0957fca6214c,paper-review-pilot-2,4501006464537369104472124537369108647031440256024,,,,,,,,,,,
5bc02bd8-7bd7-4cb6-b3a9-1eee7de69947,SE_NO_FEEDBACK,PAPER_REVIEW_PILOT2,das-20210803-prod,f20a03e5-7008-4000-8310-3fb4891851bb,paper-review-pilot-2,4501006464537369104472124537369108647031440256024,,,,,,,,,,,
5be23c75-d423-4dac-bbe7-5336aa854a46,SE_NO_FEEDBACK,PAPER_REVIEW_PILOT2,das-20210803-prod,cc85e22c-5e43-4922-a924-552a04040433,paper-review-pilot-2,450100645373691044721245373631728307224,4,1,11-20 years,False,3.0,True,True,True,True,True,True
5cc445e9-8207-4af1-9c1a-cc44f9effadc,SE_POINTS_NO_FEEDBACK,PAPER_REVIEW_PILOT2,das-20210803-prod,4efa9f09-7db2-4293-836f-ada71190aea5,paper-review-pilot-2,4501006464537369204515107537369209025531080192024,,,,,,,,,,,
5cd2832e-38cd-4ed4-b977-dfda29b6037a,SE_NO_FEEDBACK,PAPER_REVIEW_PILOT2,das-20210803-prod,d5720aff-3e3c-457d-89c7-28fd96fe7889,paper-review-pilot-2,4501006464537369204515131537369209026731440256024,,,,,,,,,,,
5cd95e3e-9dbf-44bf-b27f-9a5a02b12dea,SE_NO_FEEDBACK,PAPER_REVIEW_PILOT2,das-20210803-prod,59472d3c-6739-42ce-b792-ff4cdf4d7dae,paper-review-pilot-2,4501006464537369104472124537369108647031211215324,,,,,,,,,,,
5d1c7fc6-4ad7-42c4-ad62-c5c86571bc3d,SE_NO_FEEDBACK,PAPER_REVIEW_PILOT2,das-20210803-prod,dabfe02b-e510-44bb-aeec-0176916f6091,paper-review-pilot-2,35010157605115141260511511080192024,,,,,,,,,,,
60713404-859b-4899-a322-fb4e323d924b,SE_NO_FEEDBACK,PAPER_REVIEW_PILOT2,das-20210803-prod,7799c517-de89-4a0d-afb7-a5988ea9fe7f,paper-review-pilot-2,45010064645373692045151075373631440256024,,,,,,,,,,,
60ded4ed-998c-4baf-9cb0-3ec8ad06fef9,SE_NO_FEEDBACK,PAPER_REVIEW_PILOT2,das-20210803-prod,92a5ba91-a8e2-4110-9b5c-11b3639b8cb0,paper-review-pilot-2,4501006464537369204515107537369209026231440256024,3,0,3-5 years,False,1.0,True,False,False,True,True,False
61e8414d-ac31-46d1-9b07-7c5ba696bda0,SE_POINTS_NO_FEEDBACK,PAPER_REVIEW_PILOT2,das-20210803-prod,81601d56-6e7c-4798-b87f-43230403bfa5,paper-review-pilot-2,4501006464537369104472164537369108647131200192024,5,1,3-5 years,True,2.0,True,True,True,True,True,True
62cfbc08-b48d-4aad-9b46-34490bb176aa,SE_POINTS_NO_FEEDBACK,PAPER_REVIEW_PILOT2,das-20210803-prod,909a7c9a-7507-4c5a-8799-910f43f42271,paper-review-pilot-2,4501006464537369204515107537369209026231152275224,4,0,3-5 years,True,2.0,True,True,True,True,True,True
62f35e6f-98ac-4679-a84b-e310f11f207d,SE_POINTS_NO_FEEDBACK,PAPER_REVIEW_PILOT2,das-20210803-prod,6d6a03bc-96a3-4035-81de-392c87a2128f,paper-review-pilot-2,4501006464537369204515107537369209026231000150024,,,,,,,,,,,
63bd4e61-7661-426f-a986-76d1f7ded671,SE_POINTS_NO_FEEDBACK,PAPER_REVIEW_PILOT2,das-20210803-prod,64e58171-e163-4464-8973-fd870d79c0a7,paper-review-pilot-2,4501006464537369104472164537369108647131440344024,,,,,,,,,,,
63cc1dec-966c-498b-b781-6813ffc708d2,SE_NO_FEEDBACK,PAPER_REVIEW_PILOT2,das-20210803-prod,c4ed658d-e7af-4aca-8087-9275b05606ab,paper-review-pilot-2,4501006464537369104472164537369108647131200192024,,,,,,,,,,,
658047c6-b79d-46e0-82f4-b78348e6ffbe,SE_POINTS_NO_FEEDBACK,PAPER_REVIEW_PILOT2,das-20210803-prod,86954893-2c89-44f8-9a7d-28d19ff19e39,paper-review-pilot-2,450100646453736910447212453736910864703720128024,,,,,,,,,,,
66c5ac9e-e937-4f8d-bab3-d98684c7665e,SE_POINTS_NO_FEEDBACK,PAPER_REVIEW_PILOT2,das-20210803-prod,9f67c66c-b616-4a3a-995e-2a7a02b5e0d6,paper-review-pilot-2,450100645373691044721245373631080162024,5,1,3-5 years,True,2.0,True,True,True,False,True,False
673dc1ff-ef65-4a1d-b5e2-7ff36d77bcb6,SE_NO_FEEDBACK,PAPER_REVIEW_PILOT2,das-20210803-prod,f3915395-45d9-4a0f-9147-9516c95bebac,paper-review-pilot-2,450100646453736920451510753736920902623720128024,3,0,3-5 years,True,3.0,True,False,False,True,True,True
675123b0-3c82-4f0c-8966-26e8772fbb60,SE_POINTS_NO_FEEDBACK,PAPER_REVIEW_PILOT2,das-20210803-prod,f7dc9393-a370-457e-b094-fe4f6ac96cca,paper-review-pilot-2,450100645373692045151075373631440256024,4,1,6-10 years,False,3.0,True,False,True,True,True,True
6765c7ef-4db3-4adb-aaef-50ea2df5d056,SE_NO_FEEDBACK,PAPER_REVIEW_PILOT2,das-20210803-prod,f7a930de-d1ee-4b05-8184-c6ee59b74559,paper-review-pilot-2,4501006464537369104472164537369108647131440344024,,,,,,,,,,,
678c4e22-cf50-4115-9a67-41bb58cbcd81,SE_NO_FEEDBACK,PAPER_REVIEW_PILOT2,das-20210803-prod,fb0c96f8-0525-464a-bc14-92d8d76cc1a2,paper-review-pilot-2,4501006464537369204515107537369209026231000150024,3,0,3-5 years,False,1.0,False,False,False,True,False,True
67a139a9-f4a5-4a2e-ba93-f6c83db1fcf9,SE_NO_FEEDBACK,PAPER_REVIEW_PILOT2,das-20210803-prod,482d264e-0557-4ec4-92bb-5d62f46abe07,paper-review-pilot-2,4501006464537369204515107537369209026231080162024,3,0,6-10 years,False,2.0,False,True,False,True,True,True
67c2ffce-e96c-4657-9362-f8a8fe8f2a6e,SE_POINTS_NO_FEEDBACK,PAPER_REVIEW_PILOT2,das-20210803-prod,9ed0c0c0-0776-4150-b449-fe1be5cf3ec4,paper-review-pilot-2,450100646453736930457705373693096123960170724,5,1,20+ years,True,1.0,True,True,False,False,True,True
6893a372-b6a9-414d-a22f-5fd9fe45774a,SE_NO_FEEDBACK,PAPER_REVIEW_PILOT2,das-20210803-prod,86326ae1-008e-4785-ac91-c2c0b5ae0b02,paper-review-pilot-2,450100646453736920451510753736920902623864153624,,,,,,,,,,,
6907765b-03b1-4949-8ec7-030b4792816d,SE_NO_FEEDBACK,PAPER_REVIEW_PILOT2,das-20210803-prod,e09bb947-01b6-409d-b245-ae6c8be8bb9f,paper-review-pilot-2,4501006464537369204515131537369209026731440344024,,,,,,,,,,,
6a2d8936-5101-4b21-b392-26514c2d588b,SE_POINTS_NO_FEEDBACK,PAPER_REVIEW_PILOT2,das-20210803-prod,7cd112e3-1202-48ec-9ad5-f5f4cd2aa8a0,paper-review-pilot-2,050147605115920451590151486041081237532,,,,,,,,,,,
6a4625d5-549b-487e-904e-c35bf6f7e8b1,SE_NO_FEEDBACK,PAPER_REVIEW_PILOT2,das-20210803-prod,a9fc8817-eee3-49de-af8e-c622af2be35a,paper-review-pilot-2,4501006464537369104472124537369108647031080192024,,,,,,,,,,,
6a79627a-247b-4eb4-bc01-a7624a170311,SE_POINTS_NO_FEEDBACK,PAPER_REVIEW_PILOT2,das-20210803-prod,5cdf4111-38cb-492c-9c28-b9e1688fb8c2,paper-review-pilot-2,4501006464537369104472164537369108647131003150424,,,,,,,,,,,
6c7083e2-f0e3-4efb-a15a-e6d8ea6b4bf8,SE_POINTS_NO_FEEDBACK,PAPER_REVIEW_PILOT2,das-20210803-prod,84d24f10-1dd3-46cb-9f17-3ab3387148ca,paper-review-pilot-2,4501006464537369104472164537369108647131152204824,5,1,20+ years,True,1.0,True,True,True,True,True,True
6cb035e1-d409-475f-97f0-cc48b0b3136a,SE_POINTS_NO_FEEDBACK,PAPER_REVIEW_PILOT2,das-20210803-prod,f52be765-f3fc-4ca2-81a8-78432aec7d81,paper-review-pilot-2,4501006464537369204515107537369209026231080192024,4,1,3-5 years,False,1.0,True,True,False,False,True,True
6d0ca343-fcb9-4f39-b6a3-27cbe51c463b,SE_NO_FEEDBACK,PAPER_REVIEW_PILOT2,das-20210803-prod,918801a5-5155-405a-8cf5-37ce2e22d082,paper-review-pilot-2,4501006464537369104472124537369108647031080192024,,,,,,,,,,,
6df4f203-b953-42c3-a82e-4a159757def2,SE_NO_FEEDBACK,PAPER_REVIEW_PILOT2,das-20210803-prod,f4642b59-2429-40c2-9fe8-ec73fb1d7130,paper-review-pilot-2,4501006464537369204515107537369209025531440256024,,,,,,,,,,,
7188b809-3a9c-4cdd-90a2-72db8b707709,SE_NO_FEEDBACK,PAPER_REVIEW_PILOT2,das-20210803-prod,6632313d-b265-4635-ab7f-fc20d57657e2,paper-review-pilot-2,4501006464537369104472124537369108647031080192024,,,,,,,,,,,
720821eb-276c-4d5b-a54f-41aa54e6a705,SE_POINTS_NO_FEEDBACK,PAPER_REVIEW_PILOT2,das-20210803-prod,6e560ef4-b6b5-4315-b329-899dd2006fb2,paper-review-pilot-2,4501006464537369204515131537369209026731000150024,,,,,,,,,,,
72531b96-9a23-44f1-80e2-44c2559803bf,SE_POINTS_NO_FEEDBACK,PAPER_REVIEW_PILOT2,das-20210803-prod,376c7a94-eb09-431c-9606-c27fd9cb40c5,paper-review-pilot-2,4501006464537369204515107537369209026231080384024,,,,,,,,,,,
75702893-260e-49de-98ae-57545f299b5e,SE_NO_FEEDBACK,PAPER_REVIEW_PILOT2,das-20210803-prod,2f0a9f28-0e60-47d0-8d71-f5453a103dbf,paper-review-pilot-2,4501006464537369204515107537369209026232560144024,,,,,,,,,,,
7578cb31-4aa0-4ef9-831f-ae3d01a85e6d,SE_POINTS_NO_FEEDBACK,PAPER_REVIEW_PILOT2,das-20210803-prod,fb3d92cf-5f1d-4567-b4bf-f444e29a529a,paper-review-pilot-2,45010157537369204515107537363900144030,,,,,,,,,,,
75ef4ecd-d151-4e54-a871-cf03dfb9725c,SE_NO_FEEDBACK,PAPER_REVIEW_PILOT2,das-20210803-prod,b1157c9f-1af7-4cbe-829a-b1ceee4903ad,paper-review-pilot-2,05014716051151412151486041084439032,,,,,,,,,,,
77d36d3d-e7a9-415d-8b15-1734fc19c424,SE_NO_FEEDBACK,PAPER_REVIEW_PILOT2,das-20210803-prod,e9ee4768-a062-467a-9f10-bc008b3b5150,paper-review-pilot-2,4501006464537369204515131537369209026731080162024,3,0,6-10 years,False,1.0,False,True,False,True,True,True
7812d92f-fa91-4cc4-ac86-15a489cdaa25,SE_NO_FEEDBACK,PAPER_REVIEW_PILOT2,das-20210803-prod,277ecbef-84f5-4788-bb2f-9474b8948c00,paper-review-pilot-2,4501006464537369204515107537369209025531080162024,,,,,,,,,,,
787e6c45-79a1-4888-9007-28ee1506bb60,SE_POINTS_NO_FEEDBACK,PAPER_REVIEW_PILOT2,das-20210803-prod,2bbf955f-e264-4f17-8d94-724583a4ddab,paper-review-pilot-2,4501006464537369204515107537369209026231440344024,,,,,,,,,,,
79500b5c-485c-4ba1-8251-d79d1df4c383,SE_NO_FEEDBACK,PAPER_REVIEW_PILOT2,das-20210803-prod,a3d7a78b-cc54-49da-a423-2b0f2ea0e7b2,paper-review-pilot-2,4501006464537369104472124537369108646731440256024,,,,,,,,,,,
7961b721-dbc4-449d-82fd-8b0ccc37aeeb,SE_NO_FEEDBACK,PAPER_REVIEW_PILOT2,das-20210803-prod,f63f1723-8c94-4047-a669-ab4f43f8391a,paper-review-pilot-2,4501006464537369404585053736940972231080192024,,,,,,,,,,,
79be1160-9b9a-410e-a815-b45b060a058b,SE_NO_FEEDBACK,PAPER_REVIEW_PILOT2,das-20210803-prod,6d943c9f-9f6c-43b3-ae25-01db16524f8e,paper-review-pilot-2,4501006464537369204515107537369209026231440256024,,,,,,,,,,,
79dc2c16-574c-4cb1-9940-4e640d234ed1,SE_POINTS_NO_FEEDBACK,PAPER_REVIEW_PILOT2,das-20210803-prod,d3d04a6f-90e6-41f2-9439-9b255cca6c8e,paper-review-pilot-2,4501006464537369204515107537369209026231440344024,3,0,6-10 years,False,3.0,False,False,False,True,False,True
7a5e145e-c138-42d9-99d2-f0043a303645,SE_POINTS_NO_FEEDBACK,PAPER_REVIEW_PILOT2,das-20210803-prod,c7fd4130-9a80-4f9b-8e7c-f7991622a686,paper-review-pilot-2,4501006464537369104472164537369108647131080192024,3,0,1-2 years,False,1.0,True,False,False,True,False,True
7a692e70-75ad-45bb-8440-f181e2328094,SE_NO_FEEDBACK,PAPER_REVIEW_PILOT2,das-20210803-prod,0b062fef-cd1d-4931-ba28-2c56e6c8a519,paper-review-pilot-2,4501006464537369204515131537369209026731080192024,4,0,11-20 years,True,3.0,True,True,True,True,True,True
7af41386-1bed-4c33-952f-74fb33714c94,SE_NO_FEEDBACK,PAPER_REVIEW_PILOT2,das-20210803-prod,a43bf9ba-80b2-4c3e-a4c4-c91ccc9253c2,paper-review-pilot-2,4501006464537369204515131537369209026731080192024,3,0,1-2 years,False,1.0,False,False,False,True,False,False
7b1e31e5-949a-4851-8395-adfd2ec63c73,SE_NO_FEEDBACK,PAPER_REVIEW_PILOT2,das-20210803-prod,681db9aa-9375-4d3a-bc4b-7374b6d7c3c7,paper-review-pilot-2,05010064649002010010190001080192024,2,0,6-10 years,False,3.0,True,False,True,True,True,True
7beb3f5d-c9fb-4321-b73b-77922eda9548,SE_POINTS_NO_FEEDBACK,PAPER_REVIEW_PILOT2,das-20210803-prod,051d7908-54bd-4980-b7fb-deb66886b0d3,paper-review-pilot-2,450100646453736920451510753736920902623706125524,,,,,,,,,,,
7c28ccaa-fa20-4917-887a-654e2cbd4948,SE_NO_FEEDBACK,PAPER_REVIEW_PILOT2,das-20210803-prod,712ba28f-003c-4a17-8deb-64e3bd491bd0,paper-review-pilot-2,4501006464537369204515131537369209026731440256024,,,,,,,,,,,
7c832695-928c-4af5-a794-d5846fd76400,SE_POINTS_NO_FEEDBACK,PAPER_REVIEW_PILOT2,das-20210803-prod,6a221c6b-3ab5-4ee6-81ce-e81ecea52512,paper-review-pilot-2,4501006464537369204515107537369209026231200192024,3,0,6-10 years,False,2.0,False,False,True,True,True,True
7deb77d0-ea94-42ad-a984-8d88933ebd3a,SE_NO_FEEDBACK,PAPER_REVIEW_PILOT2,das-20210803-prod,bd697ab8-08f0-4682-a1a1-ac4e1a493b73,paper-review-pilot-2,4501006464537369104472164537369108647131440256024,,,,,,,,,,,
7e37b74f-a520-445b-8952-de6e25c5521b,SE_NO_FEEDBACK,PAPER_REVIEW_PILOT2,das-20210803-prod,7b65111e-86ce-4661-9a63-e21ed60e10e2,paper-review-pilot-2,450100646453736920451510753736920902623900160024,2,0,6-10 years,False,1.0,False,True,True,True,False,False
7e64b0ab-3e88-4a29-b790-2cd5a8abf574,SE_POINTS_NO_FEEDBACK,PAPER_REVIEW_PILOT2,das-20210803-prod,5784e55d-84f0-4425-83fa-5c319d62e71c,paper-review-pilot-2,4501006464537369104472124537369108646731080192024,,,,,,,,,,,
8065b063-057a-42b9-830a-705e6388ebb4,SE_NO_FEEDBACK,PAPER_REVIEW_PILOT2,das-20210803-prod,3c56a4fc-7ddc-44d2-bad0-940e95bd0077,paper-review-pilot-2,4501006464537369204515107537369209026231003150424,4,1,6-10 years,False,4.0,False,True,True,True,True,True
814e2c37-b4d9-4d23-b1a9-c45f350e9762,SE_POINTS_NO_FEEDBACK,PAPER_REVIEW_PILOT2,das-20210803-prod,994beaf8-8235-47fd-b523-6ae9074ec8e3,paper-review-pilot-2,450100646453736920451510753736920902623720128024,3,0,11-20 years,False,2.0,False,False,False,True,False,True
826d918a-aca9-405d-8d31-80ff81605cc3,SE_NO_FEEDBACK,PAPER_REVIEW_PILOT2,das-20210803-prod,c4f522d0-7a81-4cf1-812a-60a8edacc811,paper-review-pilot-2,4501006464537369204515107537369209026231080192024,5,0,3-5 years,False,1.0,True,False,True,True,True,True
828f2ef6-4a2e-4d69-8834-58b66101d97d,SE_NO_FEEDBACK,PAPER_REVIEW_PILOT2,das-20210803-prod,df5e7a11-3416-4202-9165-bb79b3df595a,paper-review-pilot-2,4501006464537369204515107537369209026231080192024,,,,,,,,,,,
82e39944-5d80-474d-bf3f-70b336923925,SE_NO_FEEDBACK,PAPER_REVIEW_PILOT2,das-20210803-prod,fda9218f-1072-499e-aa76-005544982bd4,paper-review-pilot-2,45010157537369204515107537363960153630,,,,,,,,,,,
82f33ec2-211e-45e4-996c-6edc2372545d,SE_POINTS_NO_FEEDBACK,PAPER_REVIEW_PILOT2,das-20210803-prod,6a249612-2abb-4e8b-8ebc-c1b8ce5266e6,paper-review-pilot-2,45010064645373692045151315373631600384024,,,,,,,,,,,
82fc2fb4-4655-4f21-ae53-9564073fbd72,SE_NO_FEEDBACK,PAPER_REVIEW_PILOT2,das-20210803-prod,560666c3-8baf-448d-a1a5-bec907451433,paper-review-pilot-2,4501006464537369204515107537369209026231080162024,,,,,,,,,,,
83b5bfbd-7003-425e-a971-5e8eaf3bb733,SE_POINTS_NO_FEEDBACK,PAPER_REVIEW_PILOT2,das-20210803-prod,a4891bb2-48ea-4574-97d7-2cae25f68385,paper-review-pilot-2,4501006464537369204515107537369209025531110166424,,,,,,,,,,,
852924d5-bb14-4d7d-86d6-c7b270043bbe,SE_NO_FEEDBACK,PAPER_REVIEW_PILOT2,das-20210803-prod,75a17a46-39c5-4cfb-a4ec-4b79b7e445ac,paper-review-pilot-2,4501006464537369204515107537369209026231080192024,4,0,3-5 years,False,4.0,False,False,False,True,True,True
86962f1b-a27f-4937-927c-17e2de503913,SE_NO_FEEDBACK,PAPER_REVIEW_PILOT2,das-20210803-prod,a43ea12a-0553-429c-a69a-a92069f6f34c,paper-review-pilot-2,4501006464537369204515107537369209026231080192024,2,0,3-5 years,False,1.0,True,False,False,True,False,False
86abd9b1-44f3-4401-aaf7-d5030a6aef9c,SE_NO_FEEDBACK,PAPER_REVIEW_PILOT2,das-20210803-prod,8815cd8d-8bdd-4256-bc16-ceec07d77021,paper-review-pilot-2,335011866414092130537369304577155373641542274224,4,1,11-20 years,True,2.0,True,True,True,True,True,True
86d893f6-46bb-469f-ba48-b755ec318448,SE_NO_FEEDBACK,PAPER_REVIEW_PILOT2,das-20210803-prod,5d451ef2-949f-4bd7-88fd-a0b707624e21,paper-review-pilot-2,450100646453736910447212453736910864673720128024,3,0,6-10 years,False,1.0,True,True,True,True,True,True
870c7023-26cd-46d5-bf0d-ca55137a0b83,SE_NO_FEEDBACK,PAPER_REVIEW_PILOT2,das-20210803-prod,2e1511c7-0f17-422d-84ac-db839ca682b4,paper-review-pilot-2,4501006464537369104472124537369108646731080162024,,,,,,,,,,,
87555212-1f99-4052-9b78-78a42a64e26d,SE_POINTS_NO_FEEDBACK,PAPER_REVIEW_PILOT2,das-20210803-prod,b33e7e33-f32b-40e5-b636-210c767463a9,paper-review-pilot-2,450100646453736920451513153736920902673940167024,,,,,,,,,,,
8ac9233c-a232-4244-ae72-a5e9f8237cff,SE_NO_FEEDBACK,PAPER_REVIEW_PILOT2,das-20210803-prod,17cfe83d-28b3-4386-bdbe-3fa8a4502887,paper-review-pilot-2,4501006464537369204515107537369209026231080192024,,,,,,,,,,,
8be1180b-9760-410b-80ba-577727c6921f,SE_POINTS_NO_FEEDBACK,PAPER_REVIEW_PILOT2,das-20210803-prod,df9f1a2e-a579-4352-9477-b08a101965d6,paper-review-pilot-2,450100646453736920451510753736920902553720128024,3,0,6-10 years,False,3.0,True,False,True,True,True,True
8bf988b2-f375-4cf5-853a-d45f8302f91f,SE_POINTS_NO_FEEDBACK,PAPER_REVIEW_PILOT2,das-20210803-prod,a0818988-3074-4d8f-b8e3-20809ea7443e,paper-review-pilot-2,4501006464537369204515107537363864153624,3,1,11-20 years,True,1.0,True,True,False,False,False,False
8c3f83ea-e866-4cac-9c4f-25092a63015e,SE_NO_FEEDBACK,PAPER_REVIEW_PILOT2,das-20210803-prod,ae0d6db5-5b87-4fc6-b0a6-0a4b5bf0853c,paper-review-pilot-2,4501006464537369204515107537369209026231003150424,,,,,,,,,,,
8cc7d174-521b-40a7-98df-5dee8a800b7c,SE_NO_FEEDBACK,PAPER_REVIEW_PILOT2,das-20210803-prod,0d71e661-5d4c-4650-9d0c-28d580fcbb3c,paper-review-pilot-2,4501006464537369204515107537369209026231080192024,,,,,,,,,,,
8d48159c-28cd-4a6e-85a4-2df3f4924f64,SE_NO_FEEDBACK,PAPER_REVIEW_PILOT2,das-20210803-prod,ab138f47-8e00-4e91-b677-6c4067e6513f,paper-review-pilot-2,4501006464537369104472164537369108647131200192024,,,,,,,,,,,
8ed10723-8f80-41f4-9f33-ab141c8e8568,SE_NO_FEEDBACK,PAPER_REVIEW_PILOT2,das-20210803-prod,f5caeb2d-93d9-4972-b820-f69ef7acc081,paper-review-pilot-2,4501006464537369204515107537369209026231080162024,,,,,,,,,,,
8f421186-56c0-4301-90c2-edd8b8766276,SE_NO_FEEDBACK,PAPER_REVIEW_PILOT2,das-20210803-prod,8d2dd945-124c-4411-acbe-8532d8c247c1,paper-review-pilot-2,450100646453736920451510753736920902623720128024,3,0,3-5 years,False,3.0,False,False,True,True,True,True
8f90b3cc-37e8-4a32-80db-db76e8a9e7cc,SE_POINTS_NO_FEEDBACK,PAPER_REVIEW_PILOT2,das-20210803-prod,7427d3ab-51f6-46fc-af86-1c33a373e688,paper-review-pilot-2,4501006464537369204515107537369209026231024153624,,,,,,,,,,,
931164bb-cbe4-4bc4-94fb-79f3581a600f,SE_POINTS_NO_FEEDBACK,PAPER_REVIEW_PILOT2,das-20210803-prod,6274995c-ca7b-48d2-ac46-e8badc08e745,paper-review-pilot-2,4501006464537369104472124537369108647031080162024,,,,,,,,,,,
9333ed8c-f8a4-407f-a8ed-f3dd82bc2660,SE_POINTS_NO_FEEDBACK,PAPER_REVIEW_PILOT2,das-20210803-prod,019438a9-3f63-455b-a254-f57c71a8306e,paper-review-pilot-2,450100646453736920451510753736920902623720128024,,,,,,,,,,,
935deaa1-c73b-4f7c-b9a8-806e46098450,SE_POINTS_NO_FEEDBACK,PAPER_REVIEW_PILOT2,das-20210803-prod,04fff47f-bd8f-4682-94c2-db42bf68adf5,paper-review-pilot-2,450100646453736910447216453736910864713720128024,3,0,3-5 years,True,1.0,False,True,False,True,False,True
9373b4fe-5830-4161-8b6c-bba4f0c8f12b,SE_NO_FEEDBACK,PAPER_REVIEW_PILOT2,das-20210803-prod,4f210fb8-6e1a-44fc-b01f-174f2f20c78d,paper-review-pilot-2,4501006464537369204515107537369209026231003150424,3,1,6-10 years,True,1.0,True,True,False,True,True,True
93f6f5de-721a-4907-84c1-663855495759,SE_POINTS_NO_FEEDBACK,PAPER_REVIEW_PILOT2,das-20210803-prod,4aa986bd-eda7-40fa-9f6f-6874a11072e8,paper-review-pilot-2,450100646453736920451510753736920902623720128024,,,,,,,,,,,
94169f2f-fb68-47d9-9e48-ec737c761ebc,SE_NO_FEEDBACK,PAPER_REVIEW_PILOT2,das-20210803-prod,01063862-c71e-47e5-a7e1-0d9e2faa9c33,paper-review-pilot-2,4501006464537369204515107537369209026231440256024,,,,,,,,,,,
94428446-6124-431e-9c2d-14a4f4eb9074,SE_NO_FEEDBACK,PAPER_REVIEW_PILOT2,das-20210803-prod,8f80ab4e-5453-4eee-ab19-143629acd7cd,paper-review-pilot-2,4501006464537369204515107537369209026231200192024,3,0,1-2 years,False,2.0,True,False,True,True,True,True
94d5d2fd-4978-4a4b-abd1-b861f7a22803,SE_NO_FEEDBACK,PAPER_REVIEW_PILOT2,das-20210803-prod,7a044f8f-741a-4471-bbc5-91c41f50756e,paper-review-pilot-2,4501006464537369204515107537369209026231080192024,1,0,6-10 years,False,1.0,False,True,False,True,False,True
9521997f-bf4a-4c3b-9cfe-262b81257815,SE_POINTS_NO_FEEDBACK,PAPER_REVIEW_PILOT2,das-20210803-prod,7bbc9baa-e640-47db-a80f-7cce3c635676,paper-review-pilot-2,05014716051151412151486041081237532,,,,,,,,,,,
956586dc-63d0-43fc-a95c-27890e5847f0,SE_POINTS_NO_FEEDBACK,PAPER_REVIEW_PILOT2,das-20210803-prod,d1b59225-37a3-4e2a-96c2-fbf5ccc68d38,paper-review-pilot-2,4501006464537369204515107537369209026231080192024,,,,,,,,,,,
96e8d711-87c7-4721-8139-d0258e9640e0,SE_POINTS_NO_FEEDBACK,PAPER_REVIEW_PILOT2,das-20210803-prod,f0aa68b3-f1d6-45cd-905b-4994611c39ef,paper-review-pilot-2,4501006464537369204515107537369209026231440256024,3,0,3-5 years,True,1.0,True,True,False,True,True,True
9723ec8f-9fef-4f1a-9a08-33742783cd31,SE_POINTS_NO_FEEDBACK,PAPER_REVIEW_PILOT2,das-20210803-prod,69922760-d2e8-412a-8cb8-b4fdd1c76c95,paper-review-pilot-2,4501006464537369104472124537369108647031080192024,,,,,,,,,,,
9751824d-956a-4133-81c2-f9c8d8013df3,SE_NO_FEEDBACK,PAPER_REVIEW_PILOT2,das-20210803-prod,6c216a73-3d66-4def-9be9-f6ec5b8957dc,paper-review-pilot-2,4501006464537369204515107537369209026231080192024,,,,,,,,,,,
97cc70bd-204c-46c4-bd87-77ee3a1a75ad,SE_NO_FEEDBACK,PAPER_REVIEW_PILOT2,das-20210803-prod,4d814196-7c36-430c-bddd-fe6aa68c0357,paper-review-pilot-2,4501006464537369104472124537369108647031080192024,3,0,6-10 years,False,3.0,False,True,True,True,True,True
98104452-e217-458d-98f0-ed8187c81fdd,SE_POINTS_NO_FEEDBACK,PAPER_REVIEW_PILOT2,das-20210803-prod,44069762-5dbc-4c42-af0d-2a7e17c793c8,paper-review-pilot-2,4501006464537369204515131537369209026731110166424,,,,,,,,,,,
9865402c-647c-432c-b006-743fde554c9c,SE_POINTS_NO_FEEDBACK,PAPER_REVIEW_PILOT2,das-20210803-prod,2caff7b0-e543-419a-8dda-b9a53716a848,paper-review-pilot-2,45010157537369204515107537369209025531440344024,3,1,Less than 1 year,False,2.0,False,False,False,True,True,True
98bb33f2-a26a-43bc-ac3c-5ab0aef12e4b,SE_NO_FEEDBACK,PAPER_REVIEW_PILOT2,das-20210803-prod,5a059f28-5550-4079-a042-e991bc02dc92,paper-review-pilot-2,4501006464537369204515107537369209026231440256024,,,,,,,,,,,
9955e901-b9d4-4821-b020-bb5d1ec2d80a,SE_POINTS_NO_FEEDBACK,PAPER_REVIEW_PILOT2,das-20210803-prod,cafae8f0-5e48-4fe7-977d-5c4dde86ca02,paper-review-pilot-2,450100646453736920451513153736920902673618109824,,,,,,,,,,,
998538d8-6211-4177-b6f7-bc6638cba4db,SE_POINTS_NO_FEEDBACK,PAPER_REVIEW_PILOT2,das-20210803-prod,681dc644-46c8-4042-9b38-aaf0d2be7672,paper-review-pilot-2,450100645373692045151315373631080162024,2,0,1-2 years,False,2.0,False,False,False,True,False,True
99ca7f9f-0efc-4fe8-91a0-e78584806cde,SE_NO_FEEDBACK,PAPER_REVIEW_PILOT2,das-20210803-prod,eb22b0c7-1bb0-4d9c-af12-ce84e8c21e1e,paper-review-pilot-2,4501006464537369104472124537369108647031080192024,5,1,3-5 years,True,1.0,True,True,False,True,True,True
9add8cdf-f9aa-4787-a6f4-52159450dda6,SE_POINTS_NO_FEEDBACK,PAPER_REVIEW_PILOT2,das-20210803-prod,e3947c0a-9978-4bfa-a940-8dbe34ab3bf4,paper-review-pilot-2,45010064537369104472124537363720128024,5,1,11-20 years,False,1.0,True,True,True,True,True,True
9b227f46-92b8-4aff-9d97-a66deab7e73e,SE_NO_FEEDBACK,PAPER_REVIEW_PILOT2,das-20210803-prod,b8964b29-3443-4dcc-9b51-8a35cbf54d20,paper-review-pilot-2,05014716051151412151486041089641432,,,,,,,,,,,
9bd9baeb-de8f-435c-af5b-bbb5e6508f9f,SE_NO_FEEDBACK,PAPER_REVIEW_PILOT2,das-20210803-prod,c44a8c18-e344-40bf-a85a-942c1a0537c4,paper-review-pilot-2,4501006464537369204515107537369209026231080204824,,,,,,,,,,,
9bf2df50-cd77-4768-9598-4c87373d01b0,SE_NO_FEEDBACK,PAPER_REVIEW_PILOT2,das-20210803-prod,42ca5ff5-2c59-42f0-aef7-aa346fa5a40e,paper-review-pilot-2,4501006464537369204515107537369209026231080192024,,,,,,,,,,,
9bf9b5cd-94fa-475f-a460-cefd41f204d5,SE_POINTS_NO_FEEDBACK,PAPER_REVIEW_PILOT2,das-20210803-prod,70ebb28d-dea1-4a78-a183-e59150f7ad2b,paper-review-pilot-2,05014716051151412151486041089641432,,,,,,,,,,,
9ca96700-f4be-419c-9e3c-8e94d53d9d48,SE_NO_FEEDBACK,PAPER_REVIEW_PILOT2,das-20210803-prod,2c666a06-4f14-41bd-aa16-2e7cf4dd8468,paper-review-pilot-2,450100645373691044721245373631152204824,3,0,1-2 years,False,1.0,True,True,False,True,True,True
9e9e7c95-9ab3-4b8d-be3f-354e37210d64,SE_NO_FEEDBACK,PAPER_REVIEW_PILOT2,das-20210803-prod,839bb761-5d4b-413c-a2cc-f23884f90caf,paper-review-pilot-2,4501006464537369204515131537369209026731600256024,,,,,,,,,,,
9ffffd4f-6c3b-437f-a8a3-b7689af8f49e,SE_NO_FEEDBACK,PAPER_REVIEW_PILOT2,das-20210803-prod,c158f284-f60e-4485-a763-f898d0d22d41,paper-review-pilot-2,450100646453736920451510753736920902623864153624,,,,,,,,,,,
a06c5555-4dd6-40c4-80ca-0ed7d2c81b11,SE_POINTS_NO_FEEDBACK,PAPER_REVIEW_PILOT2,das-20210803-prod,290a8f35-6a16-4f91-89b6-9fe8e84acf0d,paper-review-pilot-2,450100646453736920451510753736920902623720128024,,,,,,,,,,,
a0a403d3-6be4-4cf9-b8d3-837f3f7d2c02,SE_NO_FEEDBACK,PAPER_REVIEW_PILOT2,das-20210803-prod,bc27c9fc-cdd7-4ae2-8bee-810a7dd05844,paper-review-pilot-2,450100646453736910447216453736910864713960144024,4,1,6-10 years,True,2.0,True,True,False,True,True,True
a0e8d757-1122-4e94-94bc-03676c0e3b4b,SE_POINTS_NO_FEEDBACK,PAPER_REVIEW_PILOT2,das-20210803-prod,e613bead-e3d7-4422-a265-e36852b668f4,paper-review-pilot-2,4501006464537369104472124537369108647031080192024,,,,,,,,,,,
a2557a53-c5db-4c8d-97c0-88921a117121,SE_NO_FEEDBACK,PAPER_REVIEW_PILOT2,das-20210803-prod,c35ed2a2-028e-49a0-ad53-0bb7b6c1f15b,paper-review-pilot-2,4501006464537369204515131537369209026731000150024,,,,,,,,,,,
a28f9e81-7288-4ccb-a158-5428700e2352,SE_NO_FEEDBACK,PAPER_REVIEW_PILOT2,das-20210803-prod,6fd11cee-bd84-4531-a74d-8658d3db6d55,paper-review-pilot-2,4501006464537369204515131537369209026731080192024,,,,,,,,,,,
a312c25e-0e3a-4998-a626-e1ae4cbcd43b,SE_NO_FEEDBACK,PAPER_REVIEW_PILOT2,das-20210803-prod,357b7afd-2dc6-47a2-8c87-4111d29a4f36,paper-review-pilot-2,4501006464537369204515107537369209025531080162024,,,,,,,,,,,
a449d2fc-4cf7-4800-988d-ebb8914c0af5,SE_NO_FEEDBACK,PAPER_REVIEW_PILOT2,das-20210803-prod,dceaafc2-6183-4764-868a-e34fcee09223,paper-review-pilot-2,05011253736770386511653736460645160073241224,,,,,,,,,,,
a4680baf-f135-48af-a79b-34359e40ba30,SE_NO_FEEDBACK,PAPER_REVIEW_PILOT2,das-20210803-prod,8545d951-2aba-4453-b297-10d3b14bc204,paper-review-pilot-2,2501005373692045151075373621055187624,,,,,,,,,,,
a4fd8060-b3c2-48e8-a8c6-aa3005d4e83a,SE_POINTS_NO_FEEDBACK,PAPER_REVIEW_PILOT2,das-20210803-prod,5c2cc155-212e-442d-a1db-6470f7fc76e1,paper-review-pilot-2,45010064645373692045151315373631080192024,3,1,3-5 years,True,2.0,True,True,False,True,True,True
a513c638-a801-4803-bfb3-5794cf8d5ddf,SE_NO_FEEDBACK,PAPER_REVIEW_PILOT2,das-20210803-prod,a82f5d37-f00e-4c14-a119-bc352560f17a,paper-review-pilot-2,4501006464537369204515107537369209025531080162024,4,1,3-5 years,True,1.0,True,True,False,True,True,True
a6f08e03-0206-46df-9dd8-c57519be4dba,SE_POINTS_NO_FEEDBACK,PAPER_REVIEW_PILOT2,das-20210803-prod,d2dc3e9d-58b4-4fc1-a45a-942437b74343,paper-review-pilot-2,4501006464537369104472124537369108646731080192024,5,1,11-20 years,False,3.0,True,False,True,True,True,True
a75acf8d-af2c-4ada-a5c6-5faaa77819dd,SE_NO_FEEDBACK,PAPER_REVIEW_PILOT2,das-20210803-prod,816958cc-9279-4d0c-bee0-919013cb9580,paper-review-pilot-2,4501006464537369204515107537369209026231080192024,,,,,,,,,,,
a76b0d12-6f13-410b-80e4-515122708bbe,SE_POINTS_NO_FEEDBACK,PAPER_REVIEW_PILOT2,das-20210803-prod,7fee67f1-1bc4-4cc3-851d-5087006a87a9,paper-review-pilot-2,450100646453736920451513153736920902673832124824,4,1,11-20 years,False,6.0,True,True,False,True,True,True
a7a6a35f-3e04-49be-af40-6d25c85b1fd9,SE_NO_FEEDBACK,PAPER_REVIEW_PILOT2,das-20210803-prod,c9639f29-09fb-4b5a-b10b-a2698e6864e5,paper-review-pilot-2,450100645373691044721245373631204180524,3,0,1-2 years,False,3.0,True,False,False,True,True,True
a7e4b258-926a-4d83-8f38-4f1c2de6ad17,SE_POINTS_NO_FEEDBACK,PAPER_REVIEW_PILOT2,das-20210803-prod,6b333186-38b7-49e5-9cfd-cc3aa7fdf6e3,paper-review-pilot-2,4501006464537369204515131537369209026731152204824,,,,,,,,,,,
a82f0a94-dcd2-49d4-95d0-fa24e86c2923,SE_POINTS_NO_FEEDBACK,PAPER_REVIEW_PILOT2,das-20210803-prod,390a25ed-d9af-46c8-86d5-b14b46ebab07,paper-review-pilot-2,4501006464537369204515107537369209025531003150424,,,,,,,,,,,
a87b7f85-0477-4df5-8d3f-f36a312b0201,SE_NO_FEEDBACK,PAPER_REVIEW_PILOT2,das-20210803-prod,20098516-5ba1-428a-99c7-2aab517dc2c1,paper-review-pilot-2,4501006464537369204515131537363864153624,,,,,,,,,,,
a9640557-ec09-437e-bad8-b6dbdfd048e7,SE_POINTS_NO_FEEDBACK,PAPER_REVIEW_PILOT2,das-20210803-prod,73cddd5d-353f-43aa-8ed9-89a7e00097ce,paper-review-pilot-2,4501006464537369204515107537369209025531110166424,,,,,,,,,,,
a9cc4da9-2459-4c79-a431-ea764794d295,SE_NO_FEEDBACK,PAPER_REVIEW_PILOT2,das-20210803-prod,772094a6-1c35-4222-b85d-8c4508027f50,paper-review-pilot-2,4501006464537369204515107537369209025531003150424,2,0,1-2 years,True,1.0,False,True,False,False,False,True
aa30efbf-845e-415f-af4a-6f5195ec78f9,SE_POINTS_NO_FEEDBACK,PAPER_REVIEW_PILOT2,das-20210803-prod,016367a2-9970-4060-85de-e6eac7e33269,paper-review-pilot-2,4501006464537369204515131537369209026731080192024,,,,,,,,,,,
ab9ad7f8-7bf4-4654-a4a9-e2b9efb5ad9a,SE_POINTS_NO_FEEDBACK,PAPER_REVIEW_PILOT2,das-20210803-prod,4d649ded-fc90-47a7-b819-bbe78d4f16b0,paper-review-pilot-2,4501006464537369104472164537369108647131152204824,,,,,,,,,,,
ad87759c-e6b2-46b4-86fd-cc5630c69099,SE_NO_FEEDBACK,PAPER_REVIEW_PILOT2,das-20210803-prod,9b6e2446-3821-41ae-9286-81313fb66417,paper-review-pilot-2,4501006464537369204515107537369209026231080192024,,,,,,,,,,,
aeef862a-dce7-43e4-804c-16d343afd6c5,SE_POINTS_NO_FEEDBACK,PAPER_REVIEW_PILOT2,das-20210803-prod,e1de2a18-dc48-471a-ae37-88e8b037e295,paper-review-pilot-2,450100646453736920451513153736920902733752133724,,,,,,,,,,,
af5e16c7-d2a2-42b3-80b0-9cff3a847407,SE_NO_FEEDBACK,PAPER_REVIEW_PILOT2,das-20210803-prod,f65a62ca-5a8a-422d-a683-0227c42cb032,paper-review-pilot-2,450100646453736920451510753736920902553864153624,,,,,,,,,,,
af90e3f6-5b73-4095-9a54-df98025a8c1f,SE_POINTS_NO_FEEDBACK,PAPER_REVIEW_PILOT2,das-20210803-prod,fae870fc-f251-401c-a5f5-880d04cac74d,paper-review-pilot-2,4501006464537369204515107537369209026231080162024,3,0,6-10 years,False,3.0,False,False,False,True,True,True
afc6fcc2-144c-49c5-b651-bef98c21e795,SE_POINTS_NO_FEEDBACK,PAPER_REVIEW_PILOT2,das-20210803-prod,b37e33e7-9cf9-4b93-8b3c-0b3cbcdd8f42,paper-review-pilot-2,450100646453736930454405373693093313864153624,5,1,20+ years,True,1.0,True,True,True,True,True,True
b0707bb8-1e8b-4a51-80db-3f798346dfc8,SE_NO_FEEDBACK,PAPER_REVIEW_PILOT2,das-20210803-prod,d5714507-128d-4de7-ad34-54d996e4aaf9,paper-review-pilot-2,450100646453736910447212453736910864673720128024,,,,,,,,,,,
b16f443f-2470-430f-ab28-0fae4886d1b7,SE_POINTS_NO_FEEDBACK,PAPER_REVIEW_PILOT2,das-20210803-prod,d4fbf9e9-cf0d-4ff8-b83e-b02ff2e43e8b,paper-review-pilot-2,4501006464537369204515131537369209026731440256024,,,,,,,,,,,
b1df7f0b-0525-49a9-afae-5888146e7a60,SE_NO_FEEDBACK,PAPER_REVIEW_PILOT2,das-20210803-prod,76d8b640-d14c-4625-bed1-3e667e6c83b0,paper-review-pilot-2,450100646453736920451510753736920902553960170724,3,0,Less than 1 year,False,1.0,True,False,False,False,False,True
b444e6d5-eb3a-4986-a7a4-f84d7ac555b9,SE_POINTS_NO_FEEDBACK,PAPER_REVIEW_PILOT2,das-20210803-prod,96965d15-81cf-480b-b8fe-f80d422579a4,paper-review-pilot-2,450100645373692045151075373631080192024,,,,,,,,,,,
b45eb687-85ee-46d8-b2c4-de20faeabc5f,SE_NO_FEEDBACK,PAPER_REVIEW_PILOT2,das-20210803-prod,927a9d0d-c322-421f-9bf6-55ad68ab0a65,paper-review-pilot-2,4501006464537369204515107537369209026231440256024,,,,,,,,,,,
b48efea0-c086-4399-84f1-94ba7a20ac61,SE_POINTS_NO_FEEDBACK,PAPER_REVIEW_PILOT2,das-20210803-prod,94cff941-ab54-4c1f-90bd-292ac71ca730,paper-review-pilot-2,4501006464537369204515107537369209025531080204824,3,0,6-10 years,False,4.0,True,False,True,True,True,True
b521c019-c6c7-491a-829a-0a674c950dae,SE_POINTS_NO_FEEDBACK,PAPER_REVIEW_PILOT2,das-20210803-prod,bed5a0c9-523e-47ce-948a-66e9a59da3d4,paper-review-pilot-2,4501006464537369204515107537369209026231080192024,,,,,,,,,,,
b59e933c-c9fd-42d5-8d88-d0e82d7c94ec,SE_NO_FEEDBACK,PAPER_REVIEW_PILOT2,das-20210803-prod,229b8e23-9574-407d-949f-2daa29cfb7cd,paper-review-pilot-2,25010157537369204515131537362900144030,,,,,,,,,,,
b5bd9ebd-a6e4-4b00-a19c-08d43aa19c54,SE_NO_FEEDBACK,PAPER_REVIEW_PILOT2,das-20210803-prod,2af04617-190d-48ca-ac95-bfb6a21b4c2a,paper-review-pilot-2,450100646453736920451510753736920902623960144024,,,,,,,,,,,
b5fd0f5e-22aa-4e1a-8671-7e189825246a,SE_POINTS_NO_FEEDBACK,PAPER_REVIEW_PILOT2,das-20210803-prod,8c3e72ff-230a-44f0-b63d-fbb0c53fc559,paper-review-pilot-2,45010064645373692045151075373631080192024,,,,,,,,,,,
b614d1f5-9ff8-4c6f-becd-9d6c68903aef,SE_POINTS_NO_FEEDBACK,PAPER_REVIEW_PILOT2,das-20210803-prod,c5b2bea3-7b07-4e59-926a-23d279623fd4,paper-review-pilot-2,4501006464537369104472124537369108647031211215324,,,,,,,,,,,
b6569430-6af2-44b1-b5c8-00bec981eae8,SE_NO_FEEDBACK,PAPER_REVIEW_PILOT2,das-20210803-prod,9b3709d7-f4be-4056-a74a-bd3047c2156e,paper-review-pilot-2,45010157537369204515107537369209026231120179230,4,1,11-20 years,True,7.0,True,True,True,True,True,True
b7422d8c-2fb6-4b71-b80d-0594f343d16e,SE_NO_FEEDBACK,PAPER_REVIEW_PILOT2,das-20210803-prod,5e113226-ade8-4cee-b96e-b2b75fa7114f,paper-review-pilot-2,4501006464537369204515107537369209026231029182930,2,0,6-10 years,False,1.0,False,True,False,False,False,False
b87ad135-b7ad-4dc6-9d06-cda5aaec6428,SE_POINTS_NO_FEEDBACK,PAPER_REVIEW_PILOT2,das-20210803-prod,87502149-3e28-4287-a529-dcaa740c0807,paper-review-pilot-2,4501006464537369204515107537369209026231152275224,,,,,,,,,,,
b925cdad-6524-407f-b9c3-bd126cbb85cd,SE_NO_FEEDBACK,PAPER_REVIEW_PILOT2,das-20210803-prod,24f68fda-046a-41ea-813c-933a5f2077b6,paper-review-pilot-2,450100646453736910447216453736910864713960153624,,,,,,,,,,,
ba009637-795d-4e95-bef0-bdf96831d2f2,SE_NO_FEEDBACK,PAPER_REVIEW_PILOT2,das-20210803-prod,c571b479-7e82-4837-8aea-2006ba64199c,paper-review-pilot-2,4501006464537369204515131537369209026731440256024,,,,,,,,,,,
ba6ae9f0-7663-42c7-926e-e30626301f84,SE_POINTS_NO_FEEDBACK,PAPER_REVIEW_PILOT2,das-20210803-prod,db24d5a5-6ee5-4474-8e85-2e5a21c4bc26,paper-review-pilot-2,450100645373692045151075373631200192024,3,1,3-5 years,False,3.0,True,True,False,True,True,True
bb8ec99f-7878-48b7-82d4-b7a860af23bc,SE_NO_FEEDBACK,PAPER_REVIEW_PILOT2,das-20210803-prod,18ed54a9-984d-4883-ab47-119a39909227,paper-review-pilot-2,4501006464537369204515107537369209026231080192024,4,0,6-10 years,False,1.0,True,True,True,True,True,True
bbebee47-9963-4be3-a5bf-d6c9d4881321,SE_POINTS_NO_FEEDBACK,PAPER_REVIEW_PILOT2,das-20210803-prod,464db78a-c979-4e92-b666-d52b50d6fd49,paper-review-pilot-2,4501006464537369204515131537369209026731440256024,,,,,,,,,,,
bc181b05-72a7-4e93-a6cc-2e63c61ca903,SE_NO_FEEDBACK,PAPER_REVIEW_PILOT2,das-20210803-prod,f2e4cff2-bfd7-4ab6-87f0-70dbfde5d10f,paper-review-pilot-2,4501006464537369104472124537369108647031080162024,,,,,,,,,,,
bc2a92da-5c22-452d-b717-8fa5e93074b2,SE_POINTS_NO_FEEDBACK,PAPER_REVIEW_PILOT2,das-20210803-prod,c40708a6-6b61-4ddd-8766-468d7c3530f2,paper-review-pilot-2,4501006464537369104472124537369108647031080192024,,,,,,,,,,,
bcf1964a-4bce-4693-a946-4350e6999163,SE_POINTS_NO_FEEDBACK,PAPER_REVIEW_PILOT2,das-20210803-prod,4cc45517-3e3c-488d-962e-8de5a93e2ac4,paper-review-pilot-2,450100646453736910447212453736910864673864153624,4,0,11-20 years,False,4.0,False,True,False,True,True,True
bd713654-8c82-4457-9038-7480baf8fd21,SE_POINTS_NO_FEEDBACK,PAPER_REVIEW_PILOT2,das-20210803-prod,e402e544-6602-478e-a2c4-2c182840a01b,paper-review-pilot-2,4501006464537369204515107537369209026231440344024,,,,,,,,,,,
be03468b-cd57-4915-a374-9baff815f1cd,SE_POINTS_NO_FEEDBACK,PAPER_REVIEW_PILOT2,das-20210803-prod,c33ae957-c316-4ee7-9c17-1eea0d4c56f6,paper-review-pilot-2,450100646453736920451510753736920902623720128024,,,,,,,,,,,
bee48be0-2123-47f6-83b1-503fa7452250,SE_POINTS_NO_FEEDBACK,PAPER_REVIEW_PILOT2,das-20210803-prod,fa4790a1-1f21-48c1-9938-bd39e55d41b1,paper-review-pilot-2,450100646453736910447212453736910864673632112324,,,,,,,,,,,
bf247560-7c78-4b8e-8f38-a5e25598667d,SE_POINTS_NO_FEEDBACK,PAPER_REVIEW_PILOT2,das-20210803-prod,6f1b4c3f-fb80-42c3-aaae-95501743ace4,paper-review-pilot-2,45010064645373691044721245373631080162024,4,0,6-10 years,True,1.0,True,True,True,True,True,True
bf6c75a2-1c7f-4dfa-943b-6dbdb2d3b853,SE_NO_FEEDBACK,PAPER_REVIEW_PILOT2,das-20210803-prod,b9395a26-0a4b-4496-af56-db2403c78f6f,paper-review-pilot-2,4501006464537369204515131537369209026731080192024,,,,,,,,,,,
c02907ee-aa4c-4041-8996-4540ff90ffa7,SE_NO_FEEDBACK,PAPER_REVIEW_PILOT2,das-20210803-prod,c06ed1a1-2bad-431e-bce3-425bb11771e1,paper-review-pilot-2,4501006464537369204515107537369209025531080192024,3,0,3-5 years,False,2.0,True,False,True,True,True,True
c077ecf6-3b4f-40a8-b754-b26920b317fb,SE_NO_FEEDBACK,PAPER_REVIEW_PILOT2,das-20210803-prod,1c559bc8-071a-4072-9a13-e5d94d4f4375,paper-review-pilot-2,4501006464537369104472124537369108646731080192024,,,,,,,,,,,
c375c4ea-8f0f-40c8-8532-28ed2c6eeeb8,SE_NO_FEEDBACK,PAPER_REVIEW_PILOT2,das-20210803-prod,c1bbbf70-7f35-4d62-beea-93ce7c914356,paper-review-pilot-2,4501006464537369104472164537369108647131080192024,,,,,,,,,,,
c398fbda-7cca-4766-9cba-87b084dd6826,SE_NO_FEEDBACK,PAPER_REVIEW_PILOT2,das-20210803-prod,9673972a-a19d-4291-a78f-d283205b7971,paper-review-pilot-2,450100646453736920451513153736920902673865153724,,,,,,,,,,,
c3a18922-3923-48f9-9185-7aa55cbc0c5a,SE_POINTS_NO_FEEDBACK,PAPER_REVIEW_PILOT2,das-20210803-prod,57033c03-f468-4d8b-ab7d-da685a9bd963,paper-review-pilot-2,4501006464537369204515107537369209026231728307224,5,0,11-20 years,False,1.0,True,True,True,True,True,True
c402aa5c-f3c4-4f73-91b8-6da3613bbe6e,SE_NO_FEEDBACK,PAPER_REVIEW_PILOT2,das-20210803-prod,f7ecc449-c405-4e1f-86e1-006824e6ab01,paper-review-pilot-2,450101575373692045151075373631440256030,3,0,3-5 years,False,2.0,True,True,True,True,True,True
c40c1485-b8ad-42eb-821f-d0be4094e4f6,SE_NO_FEEDBACK,PAPER_REVIEW_PILOT2,das-20210803-prod,a536876a-3163-41a4-b5cc-42c3b4a7fe44,paper-review-pilot-2,05014716051151412151486041089641432,3,1,6-10 years,False,2.0,True,True,True,True,True,True
c47e460d-c521-4740-8ee0-55ef17f7d1a2,SE_POINTS_NO_FEEDBACK,PAPER_REVIEW_PILOT2,das-20210803-prod,63ee6870-f539-43f8-9e8c-0dafd562c7c8,paper-review-pilot-2,4501015753736920451510753736920902623960153630,4,0,3-5 years,True,4.0,True,True,False,True,True,True
c60afaa3-d0f7-4036-ab40-52b7cb5d4c11,SE_NO_FEEDBACK,PAPER_REVIEW_PILOT2,das-20210803-prod,6d72c992-7e66-44f0-809a-44f976cbc39c,paper-review-pilot-2,450100646453736920451510753736920902623720128024,,,,,,,,,,,
c6c686ec-23e7-4bb0-8380-bd43b2ded936,SE_NO_FEEDBACK,PAPER_REVIEW_PILOT2,das-20210803-prod,5857a6d4-2daf-4c7a-8a02-d2ff75b1dccb,paper-review-pilot-2,4501006464537369104472124537369108646731440256024,3,0,1-2 years,False,3.0,True,False,True,True,True,True
c7689072-bfc1-4831-8769-40b1975266e7,SE_NO_FEEDBACK,PAPER_REVIEW_PILOT2,das-20210803-prod,e9d72f36-06eb-4c41-8d63-26db1c8722a4,paper-review-pilot-2,4501006464537369204515107537369209026231080162024,4,0,1-2 years,False,2.0,True,True,False,True,False,True
c7a80f99-9cfd-4491-8edc-8f762418a6bd,SE_NO_FEEDBACK,PAPER_REVIEW_PILOT2,das-20210803-prod,4b7ba3df-6398-4a26-9a93-fbf0d47814eb,paper-review-pilot-2,4501006464537369204515107537369209025531080192024,,,,,,,,,,,
c8a738fa-a3d4-47f4-9a80-0dd6cc5825b1,SE_NO_FEEDBACK,PAPER_REVIEW_PILOT2,das-20210803-prod,ed8c3d35-d608-42b8-87dc-a0289edb3ec6,paper-review-pilot-2,4501006464537369204515107537369209026231200192024,,,,,,,,,,,
c98b93ed-2fcb-46fe-974f-506cae67478f,SE_POINTS_NO_FEEDBACK,PAPER_REVIEW_PILOT2,das-20210803-prod,3a689060-b65b-47c8-96c1-e095a965e4cf,paper-review-pilot-2,4501006464537369204515131537369209026731003150424,,,,,,,,,,,
c9991288-68c7-4d0c-bc25-9204b4dcdb96,SE_NO_FEEDBACK,PAPER_REVIEW_PILOT2,das-20210803-prod,1bbb5c74-4bf4-4805-91e0-8056102c8ed3,paper-review-pilot-2,05010064649002010010190001440256024,4,0,3-5 years,False,1.0,True,False,True,True,True,True
ca2b2385-0861-428c-b561-b18e7bd37a32,SE_POINTS_NO_FEEDBACK,PAPER_REVIEW_PILOT2,das-20210803-prod,d03ba523-37f4-4807-ae59-5ef7b581ccb5,paper-review-pilot-2,4501006464537369204515107537369209026231080192024,,,,,,,,,,,
ca328ba6-2b0d-41ff-bc77-c362af4d8322,SE_POINTS_NO_FEEDBACK,PAPER_REVIEW_PILOT2,das-20210803-prod,70cbd443-fc2b-46e9-8028-470769bcffa8,paper-review-pilot-2,4501006464537369204515107537369209025531080192024,,,,,,,,,,,
ca3392cd-8f7a-4708-9a97-197f27a589a4,SE_POINTS_NO_FEEDBACK,PAPER_REVIEW_PILOT2,das-20210803-prod,04c4327c-0fbc-463d-ac91-c21b62cdc7eb,paper-review-pilot-2,4501006464537369204515107537369209026231440344030,2,0,1-2 years,False,2.0,False,False,True,True,True,True
caa9f7f1-ec15-41b4-bf69-382d12f37f46,SE_NO_FEEDBACK,PAPER_REVIEW_PILOT2,das-20210803-prod,9faadd8e-a903-4429-ad07-f429c88db720,paper-review-pilot-2,4501006464537369204515107537369209026231440256024,,,,,,,,,,,
cc0f0a25-69c4-4e6f-9142-3a299b3f8628,SE_NO_FEEDBACK,PAPER_REVIEW_PILOT2,das-20210803-prod,8e5ad872-7a09-48dd-bac7-5990b960a84a,paper-review-pilot-2,450100646453736920451510753736920902623720128024,,,,,,,,,,,
cd74cb6d-3e86-4b2e-bfb5-10e8fdc5b68c,SE_POINTS_NO_FEEDBACK,PAPER_REVIEW_PILOT2,das-20210803-prod,c544e6dc-8e48-4f96-8c96-e48c18a68d62,paper-review-pilot-2,450100646453736930457718537369309611031200192024,,,,,,,,,,,
cdf27d98-c609-484e-8265-069276e9edbd,SE_POINTS_NO_FEEDBACK,PAPER_REVIEW_PILOT2,das-20210803-prod,c17ecc0e-607d-497e-86e2-7a196a900550,paper-review-pilot-2,4501006464537369204515107537369209026231110166424,,,,,,,,,,,
cea16952-d3e1-40d9-9186-ec5314571b47,SE_POINTS_NO_FEEDBACK,PAPER_REVIEW_PILOT2,das-20210803-prod,4318eb31-5262-4e24-a67a-b829fa1c8760,paper-review-pilot-2,450100646453736920451510753736920902553686109824,,,,,,,,,,,
d17b3ca1-8baf-4807-9867-1ac996326c2b,SE_POINTS_NO_FEEDBACK,PAPER_REVIEW_PILOT2,das-20210803-prod,fc2a4924-7357-4645-865a-620433b8d257,paper-review-pilot-2,450100645373692045151075373631080192024,,,,,,,,,,,
d1a26747-7b41-4881-a5cc-e89e91ac6995,SE_POINTS_NO_FEEDBACK,PAPER_REVIEW_PILOT2,das-20210803-prod,a611db02-3ed3-4903-9c5b-5e3cd38d59ac,paper-review-pilot-2,450100645373692045151075373631440256024,,,,,,,,,,,
d29c39db-2ade-41a0-9bf4-9c87892cc5df,SE_NO_FEEDBACK,PAPER_REVIEW_PILOT2,das-20210803-prod,afe6e8cb-0f32-4273-b029-ddc12b2977c0,paper-review-pilot-2,4501006464537369204515107537369209026231080192024,,,,,,,,,,,
d338dc9e-a6ee-47d1-808e-99d27ca88e57,SE_NO_FEEDBACK,PAPER_REVIEW_PILOT2,das-20210803-prod,ea8b7444-b833-4944-a651-70932f423052,paper-review-pilot-2,450100646453736920451510753736920902623889133424,3,0,6-10 years,True,1.0,True,True,False,False,False,True
d47e8686-5140-4c52-b881-f873532a9dde,SE_POINTS_NO_FEEDBACK,PAPER_REVIEW_PILOT2,das-20210803-prod,072a8661-b71b-4083-b5cc-b588d734c079,paper-review-pilot-2,4501006464537369204515131537369209026731080162024,3,1,6-10 years,True,1.0,True,True,True,True,True,True
d4f2b8d4-1e20-4c50-8f69-f27d5450ee30,SE_NO_FEEDBACK,PAPER_REVIEW_PILOT2,das-20210803-prod,130694d7-7781-4789-8783-da973f30666d,paper-review-pilot-2,4501006464537369204515107537369209026231080192024,,,,,,,,,,,
d533e618-21f4-4383-abe2-cfc0e124daa0,SE_POINTS_NO_FEEDBACK,PAPER_REVIEW_PILOT2,das-20210803-prod,295a052f-4c5e-4989-bedd-1d5c44d4bd37,paper-review-pilot-2,4501006464537369204515107537369209025531080192024,2,0,1-2 years,False,1.0,False,False,False,True,True,True
d56c7655-f2b3-4908-a69d-d96e37435220,SE_NO_FEEDBACK,PAPER_REVIEW_PILOT2,das-20210803-prod,c6a040e8-41e0-4fe7-b4e2-12e727f6e84b,paper-review-pilot-2,45010157537369204515107537369209025531050168030,5,0,20+ years,True,3.0,False,True,True,True,True,True
d609e1f8-5ac2-40db-9468-5c79cd4a3e42,SE_POINTS_NO_FEEDBACK,PAPER_REVIEW_PILOT2,das-20210803-prod,e0ae7018-ec98-45b7-91c2-a491de999677,paper-review-pilot-2,4501006464537369204515131537369209026731000150024,,,,,,,,,,,
d73477b3-8f64-4e96-9820-1db44dd726b9,SE_POINTS_NO_FEEDBACK,PAPER_REVIEW_PILOT2,das-20210803-prod,13240be4-2be3-47c9-a366-ef67c0653dfa,paper-review-pilot-2,4501006464537369204515107537369209026231080162024,,,,,,,,,,,
d7adebf7-ed4a-4874-ab6f-abf8a6a6b819,SE_NO_FEEDBACK,PAPER_REVIEW_PILOT2,das-20210803-prod,1491e9ad-719b-432e-bc3b-7a64db906811,paper-review-pilot-2,450100646453736920451513153736920902673860129024,,,,,,,,,,,
d8a6f584-84fe-489d-b6c0-f0aef1ca12e1,SE_NO_FEEDBACK,PAPER_REVIEW_PILOT2,das-20210803-prod,d4f9dd50-14fc-4c85-b4bc-839887e1f638,paper-review-pilot-2,4501006464537369104472164537369108647131003150424,,,,,,,,,,,
d8f2bf59-fa5c-41c8-bf31-0ec9b35c2a9c,SE_NO_FEEDBACK,PAPER_REVIEW_PILOT2,das-20210803-prod,cb97f49b-6ff8-42ba-9bfa-7f3691e54eb3,paper-review-pilot-2,4501006464537369104472124537369108647031080162024,2,0,3-5 years,False,2.0,True,False,False,True,True,True
da1f9172-bafd-4f6e-bb74-f85df5d6f310,SE_NO_FEEDBACK,PAPER_REVIEW_PILOT2,das-20210803-prod,412ac91b-09b9-4c6f-bed0-b5d2648d2555,paper-review-pilot-2,4501006464537369204515107537369209026231080192024,5,1,3-5 years,False,1.0,False,False,False,True,True,True
dda768a8-6b8f-4bcb-8ab2-e1ab43d59a04,SE_NO_FEEDBACK,PAPER_REVIEW_PILOT2,das-20210803-prod,737ca934-9c8d-4032-a07b-440ed05c8fbe,paper-review-pilot-2,4501006464537369404585053736940972031235185224,3,0,3-5 years,False,3.0,True,False,True,True,True,True
dde3ada5-2a6d-418a-b518-b34e59fe4387,SE_POINTS_NO_FEEDBACK,PAPER_REVIEW_PILOT2,das-20210803-prod,9f3962a7-ae1b-4508-96ef-96e2e09ad07d,paper-review-pilot-2,4501006464537369204515107537369209025531440256024,3,1,11-20 years,True,1.0,True,True,True,True,True,True
ddf6ecec-2ad5-4428-a9a8-d8ffe6d044d9,SE_NO_FEEDBACK,PAPER_REVIEW_PILOT2,das-20210803-prod,551fa027-577e-41ed-b491-7a74c9605528,paper-review-pilot-2,4501006464537369204515107537369209026231440344024,,,,,,,,,,,
df375540-7e3f-4bc9-ad42-ee7374260fdb,SE_NO_FEEDBACK,PAPER_REVIEW_PILOT2,das-20210803-prod,64f7a9a4-f431-46e3-93cd-18726330d8a0,paper-review-pilot-2,4501006464537369204515107537369209026231600384024,,,,,,,,,,,
e20aa1ca-fcfb-4eec-a267-3b0f04c45e77,SE_NO_FEEDBACK,PAPER_REVIEW_PILOT2,das-20210803-prod,3e317340-3030-4408-ab31-9d1fb10c2f16,paper-review-pilot-2,4501006464537369204515107537369209026231080192024,,,,,,,,,,,
e2420997-a750-4aba-a1d2-8df4bc833511,SE_POINTS_NO_FEEDBACK,PAPER_REVIEW_PILOT2,das-20210803-prod,372ddf1a-45ab-4a55-b4ff-b192a9c35669,paper-review-pilot-2,4501006464537369204515131537369209026731235219524,,,,,,,,,,,
e2651e2a-a40c-4cbd-90a8-4e8b299338ac,SE_NO_FEEDBACK,PAPER_REVIEW_PILOT2,das-20210803-prod,62e26d42-5c38-444b-b4e8-38ed05a584f4,paper-review-pilot-2,4501006464537369204515131537369209026731080192024,,,,,,,,,,,
e410dd08-d704-4ccd-9b5b-79fcfb216e35,SE_NO_FEEDBACK,PAPER_REVIEW_PILOT2,das-20210803-prod,fef38cea-80ad-41b8-a7c5-ca411ba6fa87,paper-review-pilot-2,4501006464537369104472164537369108647131003150424,,,,,,,,,,,
e45949e6-5d0b-4f28-a976-159336862d6e,SE_POINTS_NO_FEEDBACK,PAPER_REVIEW_PILOT2,das-20210803-prod,5ae0f9b4-7902-466d-a5e4-749c3392058c,paper-review-pilot-2,4501006464537369204515107537369209026231080204824,3,0,Less than 1 year,False,1.0,False,False,True,False,False,False
e56b6903-3d71-45f8-bfb1-661f2ff54978,SE_POINTS_NO_FEEDBACK,PAPER_REVIEW_PILOT2,das-20210803-prod,f0a32a49-b9f0-4cbe-8827-b5a6ad97e211,paper-review-pilot-2,4501006464537369204515107537369209026231080192024,,,,,,,,,,,
e56d85ef-29a3-4cda-9b68-e5b80bb14305,SE_NO_FEEDBACK,PAPER_REVIEW_PILOT2,das-20210803-prod,67266da0-e0ad-4fc2-8040-1ce0e4a14ada,paper-review-pilot-2,450100646453736910447216453736910864713720128024,2,0,3-5 years,False,4.0,False,True,False,True,False,True
e59299d8-61bf-4761-a4dc-9016e88f1142,SE_POINTS_NO_FEEDBACK,PAPER_REVIEW_PILOT2,das-20210803-prod,aa5558f0-67be-4501-9bed-abbfcd3467cc,paper-review-pilot-2,4501006464537369104472124537369108647031080162024,,,,,,,,,,,
e61223a5-3366-49bd-81c7-b29865e9ae53,SE_POINTS_NO_FEEDBACK,PAPER_REVIEW_PILOT2,das-20210803-prod,756505b7-545b-4ccf-a3c5-5672bfac4aa5,paper-review-pilot-2,4501006464537369204515107537369209026231000150024,,,,,,,,,,,
e6626500-123d-403a-920e-c4009417a1b4,SE_NO_FEEDBACK,PAPER_REVIEW_PILOT2,das-20210803-prod,4a00dd9f-cd8a-456e-9e3b-533e38e46b3d,paper-review-pilot-2,450100646453736910447212453736910864673632112324,,,,,,,,,,,
e68300d2-8a0a-4f6e-9526-d8afaa548a84,SE_POINTS_NO_FEEDBACK,PAPER_REVIEW_PILOT2,das-20210803-prod,6ea20eff-33dc-45ae-b530-fb11be0b708d,paper-review-pilot-2,450100646453736920451510753736920902623720128024,,,,,,,,,,,
e6bd745e-9f30-41ff-9336-e6420fbe7339,SE_NO_FEEDBACK,PAPER_REVIEW_PILOT2,das-20210803-prod,875828a0-86fa-447d-9f0c-25b9bcfcdcc8,paper-review-pilot-2,45010064645373692045151075373631000150024,,,,,,,,,,,
e777c28e-8612-4d60-9edf-a0501d0e2f04,SE_POINTS_NO_FEEDBACK,PAPER_REVIEW_PILOT2,das-20210803-prod,6d40d36e-ed15-4792-95b3-b7a977057bad,paper-review-pilot-2,4501006464537369204515107537369209025531080192024,,,,,,,,,,,
e8917b85-12a4-4163-be40-23108571dffa,SE_POINTS_NO_FEEDBACK,PAPER_REVIEW_PILOT2,das-20210803-prod,a0dce9fc-6be2-48cb-97da-6827bfc19c49,paper-review-pilot-2,4501006464537369104472124537369108646731440256124,3,1,20+ years,True,1.0,True,True,True,True,True,True
e901707c-32a9-4bb4-9c30-493dd7daddf0,SE_NO_FEEDBACK,PAPER_REVIEW_PILOT2,das-20210803-prod,cf13770a-9d36-4c95-9810-8998cc42a961,paper-review-pilot-2,45010064537369204515107537363864153624,,,,,,,,,,,
e94f8ad4-5b8c-476b-8821-db67ffeb771c,SE_POINTS_NO_FEEDBACK,PAPER_REVIEW_PILOT2,das-20210803-prod,8a047a35-00ce-487d-b22a-d72564438158,paper-review-pilot-2,450101575373692045151315373631440256024,,,,,,,,,,,
e9f761ef-56aa-4872-91cb-2d482e1847e9,SE_POINTS_NO_FEEDBACK,PAPER_REVIEW_PILOT2,das-20210803-prod,208631d4-df1b-4575-b0f8-771311e48618,paper-review-pilot-2,4501006464537369204515107537369209026231440256024,3,0,11-20 years,False,3.0,True,False,False,True,False,False
ecd70f6a-196a-4e2b-bb5f-00cc3d5bd46d,SE_NO_FEEDBACK,PAPER_REVIEW_PILOT2,das-20210803-prod,15688f6d-822f-4c85-b261-211846130519,paper-review-pilot-2,450100645373691044721245373631080256024,3,0,6-10 years,True,2.0,True,True,True,True,True,True
eda9f6b9-f4b0-4434-9bb0-d39621e784b3,SE_POINTS_NO_FEEDBACK,PAPER_REVIEW_PILOT2,das-20210803-prod,4101a27e-763a-4789-aed5-09126c78f623,paper-review-pilot-2,45010064537369204515107537363960170724,,,,,,,,,,,
ee027621-a55f-4ce9-9696-3e3070aebdcd,SE_NO_FEEDBACK,PAPER_REVIEW_PILOT2,das-20210803-prod,ef86968e-766f-4583-a827-557105d4a6e1,paper-review-pilot-2,05014716051151412151486041081237532,4,0,3-5 years,True,4.0,True,True,False,True,True,True
ee9dc1c7-5b3b-4f26-8f93-538db4d98111,SE_POINTS_NO_FEEDBACK,PAPER_REVIEW_PILOT2,das-20210803-prod,1d415a01-a642-4ad3-8ab3-c028b7d0a22f,paper-review-pilot-2,4501006464537369204515131537369209026731080192024,,,,,,,,,,,
f0be4e79-d214-49b5-b873-eefa8cb56334,SE_POINTS_NO_FEEDBACK,PAPER_REVIEW_PILOT2,das-20210803-prod,11b4a083-26ad-4a39-aa94-b3075b0be0b9,paper-review-pilot-2,450100646453736920451510753736920902623864153624,2,0,11-20 years,False,1.0,True,False,False,True,True,True
f135aec9-60fe-459e-b969-be2f5d4945fa,SE_POINTS_NO_FEEDBACK,PAPER_REVIEW_PILOT2,das-20210803-prod,ba5fcf28-a39c-48a6-84c6-a0a76256fbca,paper-review-pilot-2,4501006464537369204515107537369209026231440256024,,,,,,,,,,,
f200b8d9-8747-4d97-80b4-048f5cc2ecd9,SE_NO_FEEDBACK,PAPER_REVIEW_PILOT2,das-20210803-prod,b14fbcdd-cd8d-45d0-94da-910a43fdc107,paper-review-pilot-2,4501006464537369204515131537369209026731600256024,,,,,,,,,,,
f26d74a2-c7dc-4a6f-9faf-5073234555ca,SE_POINTS_NO_FEEDBACK,PAPER_REVIEW_PILOT2,das-20210803-prod,ba771da3-7944-41a9-ad50-cf8ea339111e,paper-review-pilot-2,4501006464537369104472164537369108647131440256024,,,,,,,,,,,
f584638d-4927-4a8b-8967-8a3fc0fe6dbf,SE_NO_FEEDBACK,PAPER_REVIEW_PILOT2,das-20210803-prod,599e0229-a0f2-4ae9-860f-3129f0dbc001,paper-review-pilot-2,450100646453736920451513153736920902673864129624,4,0,3-5 years,True,4.0,True,True,False,True,True,True
f6279b7c-f55d-459b-9a87-cc51be5d73c3,SE_POINTS_NO_FEEDBACK,PAPER_REVIEW_PILOT2,das-20210803-prod,736a1de1-3997-4fe9-8bf8-6b0c94af1232,paper-review-pilot-2,450100646453736920451513153736920902673720128024,4,0,6-10 years,True,3.0,True,False,False,True,True,True
f72d84cb-01cd-4cbd-8011-fe5bb97b0eff,SE_POINTS_NO_FEEDBACK,PAPER_REVIEW_PILOT2,das-20210803-prod,aa66a9bb-b2de-4776-9d03-e63a27dc21a2,paper-review-pilot-2,4501006464537369204515131537369209026731080192024,,,,,,,,,,,
f7f26fcd-c16a-478c-921f-445c111c76e5,SE_NO_FEEDBACK,PAPER_REVIEW_PILOT2,das-20210803-prod,212061b5-69d1-4941-b251-a7061ec320a4,paper-review-pilot-2,4501006464537369204515107537369209026231080192024,,,,,,,,,,,
f8929a2d-4e74-4eef-a34e-0e9b96e93e79,SE_POINTS_NO_FEEDBACK,PAPER_REVIEW_PILOT2,das-20210803-prod,a015d63f-a080-4a01-8bd5-0e8ad89bfbbc,paper-review-pilot-2,450100646453736910447212453736910864673720128024,,,,,,,,,,,
f8cf5c6f-fc7e-4b93-a9d4-7676e9c51150,SE_NO_FEEDBACK,PAPER_REVIEW_PILOT2,das-20210803-prod,aa0ffd98-bef5-4346-b945-9f505a47d7e9,paper-review-pilot-2,4501006464537369204515131537369209026731080192024,,,,,,,,,,,
f91beb7c-d193-4ed6-bb8f-a1c121e5887d,SE_NO_FEEDBACK,PAPER_REVIEW_PILOT2,das-20210803-prod,e8724b6f-656e-4925-869f-e607ed260640,paper-review-pilot-2,4501006464537369104472164537369108647131080192024,4,1,3-5 years,False,2.0,True,False,False,False,True,True
f923f13c-033b-4e5f-860e-b3f695ba9e54,SE_POINTS_NO_FEEDBACK,PAPER_REVIEW_PILOT2,das-20210803-prod,15fbdd87-aeff-409e-b820-875489c59301,paper-review-pilot-2,4501006464537369204515107537363864153624,,,,,,,,,,,
fbbb2aeb-cf35-4795-8d37-42fc4bf43eed,SE_POINTS_NO_FEEDBACK,PAPER_REVIEW_PILOT2,das-20210803-prod,ab9d6971-6d71-46b0-b67c-465a151c2203,paper-review-pilot-2,450100646453736910447212453736910864703720128024,4,0,6-10 years,True,3.0,True,False,False,True,True,True
fbddfe9d-8d46-42a1-9b83-295ed29c5852,SE_POINTS_NO_FEEDBACK,PAPER_REVIEW_PILOT2,das-20210803-prod,688cd75c-a3bb-43e1-9b1f-89c9480bdab4,paper-review-pilot-2,4501006464537369204515107537369209026231080162024,,,,,,,,,,,
fc206103-8848-44da-9f31-277a94a5e6dc,SE_NO_FEEDBACK,PAPER_REVIEW_PILOT2,das-20210803-prod,da2436d2-3914-49db-bc2e-7b98e6611718,paper-review-pilot-2,4501006464537369204515107537369209025531080192024,4,0,3-5 years,False,1.0,False,False,True,True,True,True
fc2df37e-fdcb-409a-9bf5-69be77f643f5,SE_POINTS_NO_FEEDBACK,PAPER_REVIEW_PILOT2,das-20210803-prod,8b318cc0-c974-403e-be44-c6c69388e1f5,paper-review-pilot-2,450100646453736920451513153736920902673912136824,3,0,6-10 years,False,4.0,True,False,True,True,True,True
fdb64e3b-caba-4d1d-a1b3-e5e9f4098197,SE_POINTS_NO_FEEDBACK,PAPER_REVIEW_PILOT2,das-20210803-prod,dc63f24a-890c-4a8f-95db-2c1775b61e84,paper-review-pilot-2,45010064645373692045151075373631440344024,4,1,3-5 years,False,1.0,True,False,False,True,False,True
fde6574a-c1df-48f1-a43e-36c98d86a1bd,SE_POINTS_NO_FEEDBACK,PAPER_REVIEW_PILOT2,das-20210803-prod,42600959-1561-478b-bf15-c3cdb6e46159,paper-review-pilot-2,450100645373691044721245373631204180524,,,,,,,,,,,
fef6e8cf-0115-4281-98a1-1f5102f8da54,SE_NO_FEEDBACK,PAPER_REVIEW_PILOT2,das-20210803-prod,5ffa9e74-762d-40bc-8ed8-d19e24f7563a,paper-review-pilot-2,45010064645373691044721645373631110166424,2,1,1-2 years,False,1.0,True,False,False,False,False,False
