assignmentId,condition,experiment,hitId,id,stage,study_id,workerId,paperA_editorialResponse,paperA_superiorityEstimate,paperA_whatYouSaw,paperA_whatYouSaw2,q_appeal,q_sample_size,q_overall,has_any_stats_training,elapsed
d8f2bf59-fa5c-41c8-bf31-0ec9b35c2a9c,SE_NO_FEEDBACK,PAPER_REVIEW_PILOT2,das-20210803-prod,095b4d19-98e1-4c40-bdfc-6df644612243,PAPER_A_UNDERSTANDING,paper-review-pilot-2,4501006464537369104472124537369108647031080162024,"{'q_appeal': '3', 'q_sample_size': '2', 'q_overall': '3'}",90,recalled_1_se,recalled_uncert_pop,3,2,3,,279254
61e8414d-ac31-46d1-9b07-7c5ba696bda0,SE_POINTS_NO_FEEDBACK,PAPER_REVIEW_PILOT2,das-20210803-prod,b7d139fe-eaad-4823-a9bc-7ad81cea78ab,PAPER_A_UNDERSTANDING,paper-review-pilot-2,4501006464537369104472164537369108647131200192024,"{'q_appeal': '3', 'q_sample_size': '5', 'q_overall': '3'}",59,recalled_1_se,recalled_uncert_avg,3,5,3,,103533
9373b4fe-5830-4161-8b6c-bba4f0c8f12b,SE_NO_FEEDBACK,PAPER_REVIEW_PILOT2,das-20210803-prod,b2e59887-ce1c-4b6f-9c4f-50eea3fe2b83,PAPER_A_UNDERSTANDING,paper-review-pilot-2,4501006464537369204515107537369209026231003150424,"{'q_appeal': '2', 'q_sample_size': '4', 'q_overall': '4'}",99,recalled_1_sd,recalled_uncert_avg,2,4,4,,164190
39d3e124-c7f9-4721-a171-95666c16a1b6,SE_NO_FEEDBACK,PAPER_REVIEW_PILOT2,das-20210803-prod,77ab0d2a-2afa-4d57-8008-6ced35e1c696,PAPER_A_UNDERSTANDING,paper-review-pilot-2,35010157605115141160511511440256024,"{'q_appeal': '4', 'q_sample_size': '4', 'q_overall': '4'}",99,recalled_1_sd,recalled_uncert_pop,4,4,4,,234506
eda9f6b9-f4b0-4434-9bb0-d39621e784b3,SE_POINTS_NO_FEEDBACK,PAPER_REVIEW_PILOT2,das-20210803-prod,fc20f74f-d661-4bcf-8cc8-797c4137865f,PAPER_A_UNDERSTANDING,paper-review-pilot-2,45010064537369204515107537363960170724,"{'q_appeal': '3', 'q_sample_size': '5', 'q_overall': '3'}",60,recalled_1_sd,recalled_uncert_pop,3,5,3,,250497
4cf6167f-cf0f-4146-b167-652e200b8891,SE_POINTS_NO_FEEDBACK,PAPER_REVIEW_PILOT2,das-20210803-prod,c6bf6d21-c58f-480a-885d-a0f9b3987db4,PAPER_A_UNDERSTANDING,paper-review-pilot-2,4501006464537369104472124537369108646731080192024,"{'q_appeal': '4', 'q_sample_size': '3', 'q_overall': '4'}",55,recalled_1_se,recalled_uncert_avg,4,3,4,,99923
826d918a-aca9-405d-8d31-80ff81605cc3,SE_NO_FEEDBACK,PAPER_REVIEW_PILOT2,das-20210803-prod,95660498-57fc-41b5-b1d1-916bb3c3f0a9,PAPER_A_UNDERSTANDING,paper-review-pilot-2,4501006464537369204515107537369209026231080192024,"{'q_appeal': '4', 'q_sample_size': '4', 'q_overall': '4'}",50,recalled_1_se,recalled_uncert_avg,4,4,4,,947629
fc206103-8848-44da-9f31-277a94a5e6dc,SE_NO_FEEDBACK,PAPER_REVIEW_PILOT2,das-20210803-prod,c7a0af6e-7774-44fb-8b73-4aeea90d0414,PAPER_A_UNDERSTANDING,paper-review-pilot-2,4501006464537369204515107537369209025531080192024,"{'q_appeal': '5', 'q_sample_size': '1', 'q_overall': '5'}",50,recalled_1_se,recalled_uncert_pop,5,1,5,,425490
f135aec9-60fe-459e-b969-be2f5d4945fa,SE_POINTS_NO_FEEDBACK,PAPER_REVIEW_PILOT2,das-20210803-prod,5614822f-c1a9-4759-97ae-48051d2b1bf8,PAPER_A_UNDERSTANDING,paper-review-pilot-2,4501006464537369204515107537369209026231440256024,"{'q_appeal': '1', 'q_sample_size': '1', 'q_overall': '3'}",50,recalled_1_sd,recalled_uncert_pop,1,1,3,,44389
0218cf26-e5e8-4dcf-acab-600e1b1bf366,SE_NO_FEEDBACK,PAPER_REVIEW_PILOT2,das-20210803-prod,7a637017-806c-40f5-a280-f72044173b0b,PAPER_A_UNDERSTANDING,paper-review-pilot-2,050150605115150151486041092642832,"{'q_appeal': '2', 'q_sample_size': '3', 'q_overall': '5'}",50,recalled_1_se,recalled_uncert_avg,2,3,5,,487812
7812d92f-fa91-4cc4-ac86-15a489cdaa25,SE_NO_FEEDBACK,PAPER_REVIEW_PILOT2,das-20210803-prod,277ecbef-84f5-4788-bb2f-9474b8948c00,PAPER_A_UNDERSTANDING,paper-review-pilot-2,4501006464537369204515107537369209025531080162024,"{'q_appeal': '4', 'q_sample_size': '4', 'q_overall': '3'}",100,recalled_2_sd,recalled_uncert_pop,4,4,3,,413397
b1df7f0b-0525-49a9-afae-5888146e7a60,SE_NO_FEEDBACK,PAPER_REVIEW_PILOT2,das-20210803-prod,7e2e8fc0-17f2-43ad-8e9a-6d6b4b50998a,PAPER_A_UNDERSTANDING,paper-review-pilot-2,450100646453736920451510753736920902553960170724,"{'q_appeal': '4', 'q_sample_size': '2', 'q_overall': '3'}",80,recalled_2_sd,recalled_uncert_pop,4,2,3,,252507
3e57683b-3a0b-44af-b0f0-46235c561ba4,SE_POINTS_NO_FEEDBACK,PAPER_REVIEW_PILOT2,das-20210803-prod,0f49567e-9b0a-4e38-8921-a9fb875fa2bb,PAPER_A_UNDERSTANDING,paper-review-pilot-2,4501006464537369204515107537369209026231152204824,"{'q_appeal': '4', 'q_sample_size': '3', 'q_overall': '3'}",55,recalled_1_sd,recalled_uncert_pop,4,3,3,,350240
67c2ffce-e96c-4657-9362-f8a8fe8f2a6e,SE_POINTS_NO_FEEDBACK,PAPER_REVIEW_PILOT2,das-20210803-prod,f4d744cd-7a43-4b99-90cc-0fff5676f88f,PAPER_A_UNDERSTANDING,paper-review-pilot-2,450100646453736930457705373693096123960170724,"{'q_appeal': '4', 'q_sample_size': '5', 'q_overall': '2'}",50,recalled_1_se,recalled_uncert_avg,4,5,2,,255934
8be1180b-9760-410b-80ba-577727c6921f,SE_POINTS_NO_FEEDBACK,PAPER_REVIEW_PILOT2,das-20210803-prod,ca8a957b-a890-4f5b-ab4e-c499169c3a92,PAPER_A_UNDERSTANDING,paper-review-pilot-2,450100646453736920451510753736920902553720128024,"{'q_appeal': '3', 'q_sample_size': '5', 'q_overall': '4'}",52,recalled_1_sd,recalled_uncert_avg,3,5,4,,446654
ee027621-a55f-4ce9-9696-3e3070aebdcd,SE_NO_FEEDBACK,PAPER_REVIEW_PILOT2,das-20210803-prod,4577abf1-acf3-4c24-8cac-14ca3c5e6de2,PAPER_A_UNDERSTANDING,paper-review-pilot-2,05014716051151412151486041081237532,"{'q_appeal': '4', 'q_sample_size': '3', 'q_overall': '5'}",59,recalled_2_se,recalled_uncert_avg,4,3,5,,654930
e56d85ef-29a3-4cda-9b68-e5b80bb14305,SE_NO_FEEDBACK,PAPER_REVIEW_PILOT2,das-20210803-prod,fa783bde-e00a-489a-8137-8fa317a40557,PAPER_A_UNDERSTANDING,paper-review-pilot-2,450100646453736910447216453736910864713720128024,"{'q_appeal': '4', 'q_sample_size': '2', 'q_overall': '4'}",50,recalled_1_se,recalled_uncert_avg,4,2,4,,360168
54094e17-37f2-4786-b6a4-98dd273b2bcd,SE_POINTS_NO_FEEDBACK,PAPER_REVIEW_PILOT2,das-20210803-prod,74e8544c-e84b-4379-96af-ce60f36c650d,PAPER_A_UNDERSTANDING,paper-review-pilot-2,4501006464537369204515107537369209026231080256024,"{'q_appeal': '3', 'q_sample_size': '5', 'q_overall': '3'}",80,recalled_1_sd,recalled_uncert_avg,3,5,3,,715253
3a159e6e-49bc-46a3-94c4-6475d39f2cb2,SE_POINTS_NO_FEEDBACK,PAPER_REVIEW_PILOT2,das-20210803-prod,7d4b13ec-99af-4411-a56b-43091b33e9ec,PAPER_A_UNDERSTANDING,paper-review-pilot-2,45010064645373693045771853736930961103912136824,"{'q_appeal': '5', 'q_sample_size': '4', 'q_overall': '3'}",52,recalled_1_sd,recalled_uncert_avg,5,4,3,,458139
d338dc9e-a6ee-47d1-808e-99d27ca88e57,SE_NO_FEEDBACK,PAPER_REVIEW_PILOT2,das-20210803-prod,2be31d76-af7a-45a0-8068-f1587d25b3d0,PAPER_A_UNDERSTANDING,paper-review-pilot-2,450100646453736920451510753736920902623889133424,"{'q_appeal': '4', 'q_sample_size': '3', 'q_overall': '3'}",99,recalled_1_sd,recalled_uncert_avg,4,3,3,,558023
a4fd8060-b3c2-48e8-a8c6-aa3005d4e83a,SE_POINTS_NO_FEEDBACK,PAPER_REVIEW_PILOT2,das-20210803-prod,ac2cecfd-f4ff-4670-b3a0-2c377d8a4bf8,PAPER_A_UNDERSTANDING,paper-review-pilot-2,45010064645373692045151315373631080192024,"{'q_appeal': '4', 'q_sample_size': '3', 'q_overall': '2'}",54,recalled_1_sd,recalled_uncert_pop,4,3,2,,409160
7b1e31e5-949a-4851-8395-adfd2ec63c73,SE_NO_FEEDBACK,PAPER_REVIEW_PILOT2,das-20210803-prod,aff40f94-fc73-471c-9186-194ba66ad452,PAPER_A_UNDERSTANDING,paper-review-pilot-2,05010064649002010010190001080192024,"{'q_appeal': '4', 'q_sample_size': '5', 'q_overall': '4'}",51,recalled_1_se,recalled_uncert_avg,4,5,4,,747808
bf247560-7c78-4b8e-8f38-a5e25598667d,SE_POINTS_NO_FEEDBACK,PAPER_REVIEW_PILOT2,das-20210803-prod,5fbfdc21-5795-4cc3-be5a-75aa3581fd1d,PAPER_A_UNDERSTANDING,paper-review-pilot-2,45010064645373691044721245373631080162024,"{'q_appeal': '5', 'q_sample_size': '5', 'q_overall': '1'}",62,recalled_1_se,recalled_uncert_avg,5,5,1,,822288
30297bb0-32df-4eed-92bf-90e9a491d1b1,SE_NO_FEEDBACK,PAPER_REVIEW_PILOT2,das-20210803-prod,18a44bb3-abf4-4caf-bf13-c57180925e8a,PAPER_A_UNDERSTANDING,paper-review-pilot-2,4501006464537369104472124537369108647031200192030,"{'q_appeal': '4', 'q_sample_size': '3', 'q_overall': '2'}",90,recalled_1_sd,recalled_uncert_avg,4,3,2,,388580
7deb77d0-ea94-42ad-a984-8d88933ebd3a,SE_NO_FEEDBACK,PAPER_REVIEW_PILOT2,das-20210803-prod,bd697ab8-08f0-4682-a1a1-ac4e1a493b73,PAPER_A_UNDERSTANDING,paper-review-pilot-2,4501006464537369104472164537369108647131440256024,"{'q_appeal': '3', 'q_sample_size': '3', 'q_overall': '4'}",55,recalled_1_se,recalled_uncert_avg,3,3,4,,43636
c9991288-68c7-4d0c-bc25-9204b4dcdb96,SE_NO_FEEDBACK,PAPER_REVIEW_PILOT2,das-20210803-prod,dd4d844e-a6dd-4f7e-b4b8-fa51d90746a9,PAPER_A_UNDERSTANDING,paper-review-pilot-2,05010064649002010010190001440256024,"{'q_appeal': '2', 'q_sample_size': '4', 'q_overall': '3'}",98,recalled_2_sd,recalled_uncert_pop,2,4,3,,269918
ecd70f6a-196a-4e2b-bb5f-00cc3d5bd46d,SE_NO_FEEDBACK,PAPER_REVIEW_PILOT2,das-20210803-prod,7a4f3ae0-9ab1-4698-9681-ae85c40a19ac,PAPER_A_UNDERSTANDING,paper-review-pilot-2,450100645373691044721245373631080256024,"{'q_appeal': '3', 'q_sample_size': '5', 'q_overall': '2'}",50,recalled_1_se,recalled_uncert_avg,3,5,2,,523193
b7422d8c-2fb6-4b71-b80d-0594f343d16e,SE_NO_FEEDBACK,PAPER_REVIEW_PILOT2,das-20210803-prod,d9d26470-fd80-4406-b3bd-f59059f13bc2,PAPER_A_UNDERSTANDING,paper-review-pilot-2,4501006464537369204515107537369209026231029182930,"{'q_appeal': '5', 'q_sample_size': '3', 'q_overall': '1'}",99,recalled_1_se,recalled_uncert_pop,5,3,1,,384207
e45949e6-5d0b-4f28-a976-159336862d6e,SE_POINTS_NO_FEEDBACK,PAPER_REVIEW_PILOT2,das-20210803-prod,94ddcc0f-5cee-463b-a58b-1e962bfc6ef3,PAPER_A_UNDERSTANDING,paper-review-pilot-2,4501006464537369204515107537369209026231080204824,"{'q_appeal': '5', 'q_sample_size': '5', 'q_overall': '1'}",70,recalled_2_sd,recalled_uncert_pop,5,5,1,,897978
bcf1964a-4bce-4693-a946-4350e6999163,SE_POINTS_NO_FEEDBACK,PAPER_REVIEW_PILOT2,das-20210803-prod,67341280-13e2-49d2-b8b1-01fb2bc6c964,PAPER_A_UNDERSTANDING,paper-review-pilot-2,450100646453736910447212453736910864673864153624,"{'q_appeal': '4', 'q_sample_size': '4', 'q_overall': '3'}",99,recalled_1_se,recalled_uncert_avg,4,4,3,,553054
df375540-7e3f-4bc9-ad42-ee7374260fdb,SE_NO_FEEDBACK,PAPER_REVIEW_PILOT2,das-20210803-prod,64f7a9a4-f431-46e3-93cd-18726330d8a0,PAPER_A_UNDERSTANDING,paper-review-pilot-2,4501006464537369204515107537369209026231600384024,"{'q_appeal': '3', 'q_sample_size': '5', 'q_overall': '2'}",59,recalled_1_se,recalled_uncert_avg,3,5,2,,2641205
5bc02bd8-7bd7-4cb6-b3a9-1eee7de69947,SE_NO_FEEDBACK,PAPER_REVIEW_PILOT2,das-20210803-prod,67da3448-daa9-4ed8-8bb8-b8d964a1cfad,PAPER_A_UNDERSTANDING,paper-review-pilot-2,4501006464537369104472124537369108647031440256024,"{'q_appeal': '4', 'q_sample_size': '4', 'q_overall': '1'}",59,recalled_1_se,recalled_uncert_avg,4,4,1,,2244684
020aee7b-bbbf-4f16-9f8a-c41120c4f98e,SE_POINTS_NO_FEEDBACK,PAPER_REVIEW_PILOT2,das-20210803-prod,c57590a7-6a11-483e-9e9b-671f32c69ee1,PAPER_A_UNDERSTANDING,paper-review-pilot-2,4501006464537369104472124537369108647031003150424,"{'q_appeal': '3', 'q_sample_size': '4', 'q_overall': '2'}",65,recalled_1_se,recalled_uncert_pop,3,4,2,,544782
3c55a37b-957c-49ca-af24-10f877d8737e,SE_NO_FEEDBACK,PAPER_REVIEW_PILOT2,das-20210803-prod,790f6f16-cf09-4ed0-bb69-5e42303682d1,PAPER_A_UNDERSTANDING,paper-review-pilot-2,4501006464537369204515107537369209026231080192024,"{'q_appeal': '5', 'q_sample_size': '5', 'q_overall': '2'}",100,recalled_1_sd,recalled_uncert_pop,5,5,2,,96395
098176f0-fc69-423d-980a-74b4386eba03,SE_POINTS_NO_FEEDBACK,PAPER_REVIEW_PILOT2,das-20210803-prod,cc9a3ac2-aab9-4f20-a35f-9052c62ee80f,PAPER_A_UNDERSTANDING,paper-review-pilot-2,4501006464537369204515107537369209026231000150024,"{'q_appeal': '2', 'q_sample_size': '2', 'q_overall': '5'}",56,recalled_1_se,recalled_uncert_avg,2,2,5,,1260975
e59299d8-61bf-4761-a4dc-9016e88f1142,SE_POINTS_NO_FEEDBACK,PAPER_REVIEW_PILOT2,das-20210803-prod,aa5558f0-67be-4501-9bed-abbfcd3467cc,PAPER_A_UNDERSTANDING,paper-review-pilot-2,4501006464537369104472124537369108647031080162024,"{'q_appeal': '4', 'q_sample_size': '3', 'q_overall': '4'}",64,recalled_1_se,recalled_uncert_avg,4,3,4,,346590
82fc2fb4-4655-4f21-ae53-9564073fbd72,SE_NO_FEEDBACK,PAPER_REVIEW_PILOT2,das-20210803-prod,b57b6283-4eef-4408-a372-3431c9a68d41,PAPER_A_UNDERSTANDING,paper-review-pilot-2,4501006464537369204515107537369209026231080162024,"{'q_appeal': '4', 'q_sample_size': '2', 'q_overall': '3'}",58,recalled_1_se,recalled_uncert_pop,4,2,3,,660601
1378bc23-7288-4c2f-a7a4-62bfc7e172d6,SE_POINTS_NO_FEEDBACK,PAPER_REVIEW_PILOT2,das-20210803-prod,cd6b8965-faca-490d-a227-8bfc0b07bffc,PAPER_A_UNDERSTANDING,paper-review-pilot-2,4501006464537369204515107537369209025531440256024,"{'q_appeal': '4', 'q_sample_size': '4', 'q_overall': '3'}",99,recalled_1_sd,recalled_uncert_pop,4,4,3,,399773
c402aa5c-f3c4-4f73-91b8-6da3613bbe6e,SE_NO_FEEDBACK,PAPER_REVIEW_PILOT2,das-20210803-prod,6a2facb3-db4d-4b82-b629-d267c622bfc0,PAPER_A_UNDERSTANDING,paper-review-pilot-2,450101575373692045151075373631440256030,"{'q_appeal': '2', 'q_sample_size': '5', 'q_overall': '3'}",58,recalled_1_sd,recalled_uncert_pop,2,5,3,,953169
bb8ec99f-7878-48b7-82d4-b7a860af23bc,SE_NO_FEEDBACK,PAPER_REVIEW_PILOT2,das-20210803-prod,a58565c0-97b3-402e-bc87-b08747975800,PAPER_A_UNDERSTANDING,paper-review-pilot-2,4501006464537369204515107537369209026231080192024,"{'q_appeal': '2', 'q_sample_size': '3', 'q_overall': '5'}",50,recalled_1_se,recalled_uncert_avg,2,3,5,,1130394
6c7083e2-f0e3-4efb-a15a-e6d8ea6b4bf8,SE_POINTS_NO_FEEDBACK,PAPER_REVIEW_PILOT2,das-20210803-prod,25a7cc84-901a-476c-b672-67ee32149d73,PAPER_A_UNDERSTANDING,paper-review-pilot-2,4501006464537369104472164537369108647131152204824,"{'q_appeal': '4', 'q_sample_size': '4', 'q_overall': '4'}",59,recalled_1_se,recalled_uncert_avg,4,4,4,,67182
935deaa1-c73b-4f7c-b9a8-806e46098450,SE_POINTS_NO_FEEDBACK,PAPER_REVIEW_PILOT2,das-20210803-prod,2ca662dd-5909-452a-9524-1e685ba17eea,PAPER_A_UNDERSTANDING,paper-review-pilot-2,450100646453736910447216453736910864713720128024,"{'q_appeal': '2', 'q_sample_size': '5', 'q_overall': '5'}",55,recalled_2_sd,recalled_uncert_pop,2,5,5,,1462851
a312c25e-0e3a-4998-a626-e1ae4cbcd43b,SE_NO_FEEDBACK,PAPER_REVIEW_PILOT2,das-20210803-prod,357b7afd-2dc6-47a2-8c87-4111d29a4f36,PAPER_A_UNDERSTANDING,paper-review-pilot-2,4501006464537369204515107537369209025531080162024,"{'q_appeal': '4', 'q_sample_size': '4', 'q_overall': '3'}",60,recalled_1_se,recalled_uncert_avg,4,4,3,,455892
a513c638-a801-4803-bfb3-5794cf8d5ddf,SE_NO_FEEDBACK,PAPER_REVIEW_PILOT2,das-20210803-prod,d0054789-dfe5-4ff0-bab8-2cd2364ac33c,PAPER_A_UNDERSTANDING,paper-review-pilot-2,4501006464537369204515107537369209025531080162024,"{'q_appeal': '4', 'q_sample_size': '5', 'q_overall': '4'}",65,recalled_1_se,recalled_uncert_avg,4,5,4,,40702
86962f1b-a27f-4937-927c-17e2de503913,SE_NO_FEEDBACK,PAPER_REVIEW_PILOT2,das-20210803-prod,f70d60fa-2f57-42a5-a057-2b651042a683,PAPER_A_UNDERSTANDING,paper-review-pilot-2,4501006464537369204515107537369209026231080192024,"{'q_appeal': '5', 'q_sample_size': '4', 'q_overall': '2'}",55,recalled_1_se,recalled_uncert_avg,5,4,2,,1747101
44738754-68c3-44b1-8866-337f76007934,SE_POINTS_NO_FEEDBACK,PAPER_REVIEW_PILOT2,das-20210803-prod,d5d1af2d-22e1-4e0d-8daa-eee72b14a2cc,PAPER_A_UNDERSTANDING,paper-review-pilot-2,4501006464537369204515107537369209026231003150424,"{'q_appeal': '4', 'q_sample_size': '3', 'q_overall': '3'}",55,recalled_1_sd,recalled_uncert_avg,4,3,3,,500536
af90e3f6-5b73-4095-9a54-df98025a8c1f,SE_POINTS_NO_FEEDBACK,PAPER_REVIEW_PILOT2,das-20210803-prod,05318df8-816d-43d1-9fd0-6d53cad5f2d3,PAPER_A_UNDERSTANDING,paper-review-pilot-2,4501006464537369204515107537369209026231080162024,"{'q_appeal': '4', 'q_sample_size': '4', 'q_overall': '3'}",50,recalled_1_sd,recalled_uncert_pop,4,4,3,,448190
1b9ea59f-58d8-45fd-a662-bcf9fb3df529,SE_NO_FEEDBACK,PAPER_REVIEW_PILOT2,das-20210803-prod,f9a14574-b6f2-4203-88c8-54231cd58634,PAPER_A_UNDERSTANDING,paper-review-pilot-2,05014716051151412151486041081237532,"{'q_appeal': '5', 'q_sample_size': '5', 'q_overall': '1'}",60,recalled_1_se,recalled_uncert_pop,5,5,1,,131516
7a5e145e-c138-42d9-99d2-f0043a303645,SE_POINTS_NO_FEEDBACK,PAPER_REVIEW_PILOT2,das-20210803-prod,b6e7a7f5-fa3f-4917-a961-32494f0b6224,PAPER_A_UNDERSTANDING,paper-review-pilot-2,4501006464537369104472164537369108647131080192024,"{'q_appeal': '1', 'q_sample_size': '2', 'q_overall': '4'}",63,recalled_1_sd,recalled_uncert_pop,1,2,4,,411722
62cfbc08-b48d-4aad-9b46-34490bb176aa,SE_POINTS_NO_FEEDBACK,PAPER_REVIEW_PILOT2,das-20210803-prod,98ddc77d-89f0-4466-b9d2-0a514a1aca98,PAPER_A_UNDERSTANDING,paper-review-pilot-2,4501006464537369204515107537369209026231152275224,"{'q_appeal': '4', 'q_sample_size': '5', 'q_overall': '3'}",99,recalled_2_sd,recalled_uncert_pop,4,5,3,,163951
53d2d936-aba3-4092-9865-a2cafe66606d,SE_NO_FEEDBACK,PAPER_REVIEW_PILOT2,das-20210803-prod,aeffdfe8-643c-447f-96d2-40a7f4843530,PAPER_A_UNDERSTANDING,paper-review-pilot-2,4501006464537369104472164537369108647131440256024,"{'q_appeal': '1', 'q_sample_size': '3', 'q_overall': '5'}",90,recalled_1_sd,recalled_uncert_avg,1,3,5,,256365
009d07f1-7df6-44ea-a42b-a761f8c12d59,SE_POINTS_NO_FEEDBACK,PAPER_REVIEW_PILOT2,das-20210803-prod,404316ff-4710-4720-aef8-afcb7b928b61,PAPER_A_UNDERSTANDING,paper-review-pilot-2,4501006464537369204515107537369209026231080192024,"{'q_appeal': '5', 'q_sample_size': '5', 'q_overall': '2'}",80,recalled_2_se,recalled_uncert_avg,5,5,2,,2662232
c6c686ec-23e7-4bb0-8380-bd43b2ded936,SE_NO_FEEDBACK,PAPER_REVIEW_PILOT2,das-20210803-prod,266a0eeb-6ceb-49cd-ba3c-f5460e1b7aa5,PAPER_A_UNDERSTANDING,paper-review-pilot-2,4501006464537369104472124537369108646731440256024,"{'q_appeal': '4', 'q_sample_size': '2', 'q_overall': '4'}",60,recalled_1_se,recalled_uncert_avg,4,2,4,,258473
36258df3-720f-4c77-b4ef-910f7a411ea2,SE_NO_FEEDBACK,PAPER_REVIEW_PILOT2,das-20210803-prod,3f607536-a8e0-40e8-a4bf-f31bccb80726,PAPER_A_UNDERSTANDING,paper-review-pilot-2,45010064537369204515107537363752112824,"{'q_appeal': '2', 'q_sample_size': '3', 'q_overall': '4'}",70,recalled_1_se,recalled_uncert_pop,2,3,4,,86693
675123b0-3c82-4f0c-8966-26e8772fbb60,SE_POINTS_NO_FEEDBACK,PAPER_REVIEW_PILOT2,das-20210803-prod,fd1d4f00-9690-456d-ae13-6ee948aabe13,PAPER_A_UNDERSTANDING,paper-review-pilot-2,450100645373692045151075373631440256024,"{'q_appeal': '5', 'q_sample_size': '4', 'q_overall': '2'}",55,recalled_1_sd,recalled_uncert_pop,5,4,2,,311245
e20aa1ca-fcfb-4eec-a267-3b0f04c45e77,SE_NO_FEEDBACK,PAPER_REVIEW_PILOT2,das-20210803-prod,2c5f287e-9c95-4fac-b050-e605dfc0d400,PAPER_A_UNDERSTANDING,paper-review-pilot-2,4501006464537369204515107537369209026231080192024,"{'q_appeal': '5', 'q_sample_size': '3', 'q_overall': '3'}",55,recalled_1_se,recalled_uncert_avg,5,3,3,,702519
6cb035e1-d409-475f-97f0-cc48b0b3136a,SE_POINTS_NO_FEEDBACK,PAPER_REVIEW_PILOT2,das-20210803-prod,35fd0101-afab-452d-9c65-af7329a945fe,PAPER_A_UNDERSTANDING,paper-review-pilot-2,4501006464537369204515107537369209026231080192024,"{'q_appeal': '2', 'q_sample_size': '2', 'q_overall': '3'}",56,recalled_1_se,recalled_uncert_avg,2,2,3,,3706580
5ad0e1b7-7435-4b42-b783-f3eb477a3a19,SE_POINTS_NO_FEEDBACK,PAPER_REVIEW_PILOT2,das-20210803-prod,d44cc8ce-67b3-4476-a6c9-1142866d60ae,PAPER_A_UNDERSTANDING,paper-review-pilot-2,4501006464537369204515107537369209026231080192024,"{'q_appeal': '4', 'q_sample_size': '2', 'q_overall': '3'}",65,recalled_1_sd,recalled_uncert_pop,4,2,3,,82381
67a139a9-f4a5-4a2e-ba93-f6c83db1fcf9,SE_NO_FEEDBACK,PAPER_REVIEW_PILOT2,das-20210803-prod,0b7c5d74-c55a-4c63-969e-19d4fb89914a,PAPER_A_UNDERSTANDING,paper-review-pilot-2,4501006464537369204515107537369209026231080162024,"{'q_appeal': '4', 'q_sample_size': '4', 'q_overall': '3'}",95,recalled_1_sd,recalled_uncert_avg,4,4,3,,321571
37b9a21a-044b-4c87-be10-cbbb2126b9b0,SE_NO_FEEDBACK,PAPER_REVIEW_PILOT2,das-20210803-prod,8633c0db-ddef-465b-8c74-cda2d0d0678d,PAPER_A_UNDERSTANDING,paper-review-pilot-2,4501006464537369104472124537369108647031000150024,"{'q_appeal': '3', 'q_sample_size': '1', 'q_overall': '5'}",50,recalled_1_se,recalled_uncert_pop,3,1,5,,189264
e8917b85-12a4-4163-be40-23108571dffa,SE_POINTS_NO_FEEDBACK,PAPER_REVIEW_PILOT2,das-20210803-prod,96e47f99-2829-4e9d-8368-4146153c380f,PAPER_A_UNDERSTANDING,paper-review-pilot-2,4501006464537369104472124537369108646731440256124,"{'q_appeal': '3', 'q_sample_size': '2', 'q_overall': '4'}",55,recalled_1_se,recalled_uncert_avg,3,2,4,,959132
8065b063-057a-42b9-830a-705e6388ebb4,SE_NO_FEEDBACK,PAPER_REVIEW_PILOT2,das-20210803-prod,6c4ec592-3245-4f00-9cb4-ec16005629b6,PAPER_A_UNDERSTANDING,paper-review-pilot-2,4501006464537369204515107537369209026231003150424,"{'q_appeal': '1', 'q_sample_size': '5', 'q_overall': '5'}",80,recalled_1_se,recalled_uncert_pop,1,5,5,,600013
c3a18922-3923-48f9-9185-7aa55cbc0c5a,SE_POINTS_NO_FEEDBACK,PAPER_REVIEW_PILOT2,das-20210803-prod,766c055d-75f9-4124-8ddd-7bea5f64bcc9,PAPER_A_UNDERSTANDING,paper-review-pilot-2,4501006464537369204515107537369209026231728307224,"{'q_appeal': '4', 'q_sample_size': '4', 'q_overall': '2'}",55,recalled_1_se,recalled_uncert_avg,4,4,2,,1088463
d56c7655-f2b3-4908-a69d-d96e37435220,SE_NO_FEEDBACK,PAPER_REVIEW_PILOT2,das-20210803-prod,d1ecceec-affc-4c2b-84f1-b61aeb3212e3,PAPER_A_UNDERSTANDING,paper-review-pilot-2,45010157537369204515107537369209025531050168030,"{'q_appeal': '5', 'q_sample_size': '1', 'q_overall': '2'}",95,recalled_1_se,recalled_uncert_avg,5,1,2,,584983
4688a22b-04fa-4595-b8f0-e9d064df197a,SE_POINTS_NO_FEEDBACK,PAPER_REVIEW_PILOT2,das-20210803-prod,84532afd-01fc-4795-baa7-c912eb8a7623,PAPER_A_UNDERSTANDING,paper-review-pilot-2,4501006464537369104472124537369108647031080162024,"{'q_appeal': '3', 'q_sample_size': '4', 'q_overall': '3'}",51,recalled_1_se,recalled_uncert_pop,3,4,3,,432809
c7a80f99-9cfd-4491-8edc-8f762418a6bd,SE_NO_FEEDBACK,PAPER_REVIEW_PILOT2,das-20210803-prod,bc5a2799-07fa-4e91-8e8a-f54c6fe9f5ac,PAPER_A_UNDERSTANDING,paper-review-pilot-2,4501006464537369204515107537369209025531080192024,"{'q_appeal': '3', 'q_sample_size': '3', 'q_overall': '3'}",100,recalled_1_se,recalled_uncert_avg,3,3,3,,1996624
c02907ee-aa4c-4041-8996-4540ff90ffa7,SE_NO_FEEDBACK,PAPER_REVIEW_PILOT2,das-20210803-prod,9a7f1c55-f066-4b58-96d3-1244f06d8eb3,PAPER_A_UNDERSTANDING,paper-review-pilot-2,4501006464537369204515107537369209025531080192024,"{'q_appeal': '3', 'q_sample_size': '3', 'q_overall': '3'}",60,recalled_1_se,recalled_uncert_avg,3,3,3,,66064
814e2c37-b4d9-4d23-b1a9-c45f350e9762,SE_POINTS_NO_FEEDBACK,PAPER_REVIEW_PILOT2,das-20210803-prod,fbc95e0a-a28c-4d8d-b867-53e2b164a5bd,PAPER_A_UNDERSTANDING,paper-review-pilot-2,450100646453736920451510753736920902623720128024,"{'q_appeal': '3', 'q_sample_size': '5', 'q_overall': '4'}",53,recalled_1_sd,recalled_uncert_pop,3,5,4,,46312
dde3ada5-2a6d-418a-b518-b34e59fe4387,SE_POINTS_NO_FEEDBACK,PAPER_REVIEW_PILOT2,das-20210803-prod,edf8cb41-9927-4c9c-9eb7-76f0a7a36ded,PAPER_A_UNDERSTANDING,paper-review-pilot-2,4501006464537369204515107537369209025531440256024,"{'q_appeal': '4', 'q_sample_size': '5', 'q_overall': '2'}",55,recalled_1_sd,recalled_uncert_pop,4,5,2,,672491
e9f761ef-56aa-4872-91cb-2d482e1847e9,SE_POINTS_NO_FEEDBACK,PAPER_REVIEW_PILOT2,das-20210803-prod,1a7e1f61-728e-40e6-b906-9ea76d3c4810,PAPER_A_UNDERSTANDING,paper-review-pilot-2,4501006464537369204515107537369209026231440256024,"{'q_appeal': '4', 'q_sample_size': '3', 'q_overall': '4'}",55,recalled_1_se,recalled_uncert_avg,4,3,4,,426526
b0707bb8-1e8b-4a51-80db-3f798346dfc8,SE_NO_FEEDBACK,PAPER_REVIEW_PILOT2,das-20210803-prod,d5714507-128d-4de7-ad34-54d996e4aaf9,PAPER_A_UNDERSTANDING,paper-review-pilot-2,450100646453736910447212453736910864673720128024,"{'q_appeal': '3', 'q_sample_size': '4', 'q_overall': '2'}",99,recalled_1_sd,recalled_uncert_pop,3,4,2,,375171
66c5ac9e-e937-4f8d-bab3-d98684c7665e,SE_POINTS_NO_FEEDBACK,PAPER_REVIEW_PILOT2,das-20210803-prod,14232a09-7485-4e4c-9726-657bbc7df716,PAPER_A_UNDERSTANDING,paper-review-pilot-2,450100645373691044721245373631080162024,"{'q_appeal': '5', 'q_sample_size': '4', 'q_overall': '3'}",51,recalled_1_sd,recalled_uncert_pop,5,4,3,,362817
f0be4e79-d214-49b5-b873-eefa8cb56334,SE_POINTS_NO_FEEDBACK,PAPER_REVIEW_PILOT2,das-20210803-prod,baa32bb0-d81d-4b24-8e47-47fbca71337e,PAPER_A_UNDERSTANDING,paper-review-pilot-2,450100646453736920451510753736920902623864153624,"{'q_appeal': '4', 'q_sample_size': '3', 'q_overall': '2'}",86,recalled_1_se,recalled_uncert_pop,4,3,2,,739927
97cc70bd-204c-46c4-bd87-77ee3a1a75ad,SE_NO_FEEDBACK,PAPER_REVIEW_PILOT2,das-20210803-prod,093e0247-0cb6-4229-95b7-7f2349c7883d,PAPER_A_UNDERSTANDING,paper-review-pilot-2,4501006464537369104472124537369108647031080192024,"{'q_appeal': '2', 'q_sample_size': '3', 'q_overall': '3'}",75,recalled_1_sd,recalled_uncert_pop,2,3,3,,676568
86d893f6-46bb-469f-ba48-b755ec318448,SE_NO_FEEDBACK,PAPER_REVIEW_PILOT2,das-20210803-prod,204f3597-81b5-4920-b416-313e105caf4c,PAPER_A_UNDERSTANDING,paper-review-pilot-2,450100646453736910447212453736910864673720128024,"{'q_appeal': '5', 'q_sample_size': '4', 'q_overall': '2'}",59,recalled_1_se,recalled_uncert_avg,5,4,2,,2149205
21d659e7-6b65-4fcf-a16f-501be85941aa,SE_POINTS_NO_FEEDBACK,PAPER_REVIEW_PILOT2,das-20210803-prod,0d79a4fb-9a9b-4a7f-b192-285e932c9ae2,PAPER_A_UNDERSTANDING,paper-review-pilot-2,4501006464537369204515107537369209026231440256024,"{'q_appeal': '4', 'q_sample_size': '2', 'q_overall': '4'}",55,recalled_1_sd,recalled_uncert_pop,4,2,4,,226273
c40c1485-b8ad-42eb-821f-d0be4094e4f6,SE_NO_FEEDBACK,PAPER_REVIEW_PILOT2,das-20210803-prod,94a52ce9-4eb2-4357-bac6-5acc95ec2bf4,PAPER_A_UNDERSTANDING,paper-review-pilot-2,05014716051151412151486041089641432,"{'q_appeal': '4', 'q_sample_size': '3', 'q_overall': '3'}",98,recalled_1_se,recalled_uncert_avg,4,3,3,,1582328
28d21ee9-b472-4ae4-8cd5-c6b8854e2cf3,SE_NO_FEEDBACK,PAPER_REVIEW_PILOT2,das-20210803-prod,e6c33ab3-725d-435a-a049-16251989754e,PAPER_A_UNDERSTANDING,paper-review-pilot-2,4501006464537369204515107537369209026231440344024,"{'q_appeal': '2', 'q_sample_size': '4', 'q_overall': '2'}",60,recalled_1_sd,recalled_uncert_pop,2,4,2,,163358
dda768a8-6b8f-4bcb-8ab2-e1ab43d59a04,SE_NO_FEEDBACK,PAPER_REVIEW_PILOT2,das-20210803-prod,fbe6154d-e0d6-44f3-bf8f-4a83407d2180,PAPER_A_UNDERSTANDING,paper-review-pilot-2,4501006464537369404585053736940972031235185224,"{'q_appeal': '4', 'q_sample_size': '3', 'q_overall': '2'}",90,recalled_1_sd,recalled_uncert_pop,4,3,2,,258183
278a7f2b-c9da-4c28-9e39-c718cf661f54,SE_NO_FEEDBACK,PAPER_REVIEW_PILOT2,das-20210803-prod,235f9e99-eeda-48c5-b8a0-408a292aafce,PAPER_A_UNDERSTANDING,paper-review-pilot-2,4501006464537369304544053736930933131440256024,"{'q_appeal': '2', 'q_sample_size': '2', 'q_overall': '3'}",100,recalled_1_se,recalled_uncert_pop,2,2,3,,1818557
2d16172e-8755-43b6-9ba9-e5d602333c22,SE_NO_FEEDBACK,PAPER_REVIEW_PILOT2,das-20210803-prod,0b73aa45-1761-4857-97bf-fe114b7e617a,PAPER_A_UNDERSTANDING,paper-review-pilot-2,4501006464537369104472124537369108647031080192024,"{'q_appeal': '4', 'q_sample_size': '3', 'q_overall': '2'}",75,recalled_1_sd,recalled_uncert_pop,4,3,2,,155262
96e8d711-87c7-4721-8139-d0258e9640e0,SE_POINTS_NO_FEEDBACK,PAPER_REVIEW_PILOT2,das-20210803-prod,03a31f9d-b501-4dd8-bc49-72f2a39b7b6b,PAPER_A_UNDERSTANDING,paper-review-pilot-2,4501006464537369204515107537369209026231440256024,"{'q_appeal': '2', 'q_sample_size': '2', 'q_overall': '4'}",50,recalled_1_sd,recalled_uncert_avg,2,2,4,,346219
33b96694-4d7a-4d25-8e1e-64f172f08558,SE_POINTS_NO_FEEDBACK,PAPER_REVIEW_PILOT2,das-20210803-prod,573afb5f-de6a-4980-b28e-a85721143c6b,PAPER_A_UNDERSTANDING,paper-review-pilot-2,4501006464537369204515107537369209026231200192024,"{'q_appeal': '3', 'q_sample_size': '5', 'q_overall': '2'}",62,recalled_2_se,recalled_uncert_avg,3,5,2,,608742
86abd9b1-44f3-4401-aaf7-d5030a6aef9c,SE_NO_FEEDBACK,PAPER_REVIEW_PILOT2,das-20210803-prod,54dfbd0c-5db4-4720-bc21-a3050651bbef,PAPER_A_UNDERSTANDING,paper-review-pilot-2,335011866414092130537369304577155373641542274224,"{'q_appeal': '4', 'q_sample_size': '4', 'q_overall': '2'}",52,recalled_1_sd,recalled_uncert_avg,4,4,2,,271480
36ae2a18-7372-4b8e-8991-66fdae338951,SE_POINTS_NO_FEEDBACK,PAPER_REVIEW_PILOT2,das-20210803-prod,4365a410-91e5-4066-99e3-ff47c56e690e,PAPER_A_UNDERSTANDING,paper-review-pilot-2,4501006464537369204515107537369209025531440256024,"{'q_appeal': '4', 'q_sample_size': '2', 'q_overall': '4'}",58,recalled_2_se,recalled_uncert_pop,4,2,4,,687622
5cd95e3e-9dbf-44bf-b27f-9a5a02b12dea,SE_NO_FEEDBACK,PAPER_REVIEW_PILOT2,das-20210803-prod,59472d3c-6739-42ce-b792-ff4cdf4d7dae,PAPER_A_UNDERSTANDING,paper-review-pilot-2,4501006464537369104472124537369108647031211215324,"{'q_appeal': '3', 'q_sample_size': '3', 'q_overall': '3'}",99,recalled_1_sd,recalled_uncert_avg,3,3,3,,538804
7c832695-928c-4af5-a794-d5846fd76400,SE_POINTS_NO_FEEDBACK,PAPER_REVIEW_PILOT2,das-20210803-prod,fa4c1aa5-4785-4a21-9d61-ba8c5d11f2f9,PAPER_A_UNDERSTANDING,paper-review-pilot-2,4501006464537369204515107537369209026231200192024,"{'q_appeal': '3', 'q_sample_size': '5', 'q_overall': '3'}",50,recalled_1_sd,recalled_uncert_avg,3,5,3,,388077
5913c5d2-1212-4d26-85b4-f61a58dee792,SE_POINTS_NO_FEEDBACK,PAPER_REVIEW_PILOT2,das-20210803-prod,90d66e78-41a0-464b-b9f3-2a160da811f6,PAPER_A_UNDERSTANDING,paper-review-pilot-2,450100646453736920451510753736920902623720128024,"{'q_appeal': '4', 'q_sample_size': '1', 'q_overall': '3'}",51,recalled_1_se,recalled_uncert_pop,4,1,3,,281473
238526b5-50fc-4f7d-9749-cc014f8e2a6d,SE_POINTS_NO_FEEDBACK,PAPER_REVIEW_PILOT2,das-20210803-prod,740b17d8-ae59-4b68-8a95-b84f6c4fe531,PAPER_A_UNDERSTANDING,paper-review-pilot-2,4501006464537369204515107537369209026231080192024,"{'q_appeal': '3', 'q_sample_size': '4', 'q_overall': '3'}",55,recalled_1_se,recalled_uncert_pop,3,4,3,,2231936
c60afaa3-d0f7-4036-ab40-52b7cb5d4c11,SE_NO_FEEDBACK,PAPER_REVIEW_PILOT2,das-20210803-prod,6d72c992-7e66-44f0-809a-44f976cbc39c,PAPER_A_UNDERSTANDING,paper-review-pilot-2,450100646453736920451510753736920902623720128024,"{'q_appeal': '4', 'q_sample_size': '4', 'q_overall': '2'}",90,recalled_1_se,recalled_uncert_avg,4,4,2,,233703
da1f9172-bafd-4f6e-bb74-f85df5d6f310,SE_NO_FEEDBACK,PAPER_REVIEW_PILOT2,das-20210803-prod,3f89ecf9-7db7-455a-b985-161eaae9565b,PAPER_A_UNDERSTANDING,paper-review-pilot-2,4501006464537369204515107537369209026231080192024,"{'q_appeal': '5', 'q_sample_size': '4', 'q_overall': '2'}",80,recalled_1_se,recalled_uncert_pop,5,4,2,,85504692
2af637c7-c6f0-463b-8443-49005226b668,SE_POINTS_NO_FEEDBACK,PAPER_REVIEW_PILOT2,das-20210803-prod,3e0f6e1f-e03d-424b-9782-1638d5d00a1d,PAPER_A_UNDERSTANDING,paper-review-pilot-2,450100646453736920451510753736920902553864153624,"{'q_appeal': '4', 'q_sample_size': '4', 'q_overall': '2'}",53,recalled_1_se,recalled_uncert_avg,4,4,2,,4528844
0236204a-eea0-4253-b104-b715e2a0c252,SE_POINTS_NO_FEEDBACK,PAPER_REVIEW_PILOT2,das-20210803-prod,f4d73ad8-620a-41f8-9492-f18407648572,PAPER_A_UNDERSTANDING,paper-review-pilot-2,4501006464537369104472164537369108647131080192024,"{'q_appeal': '4', 'q_sample_size': '3', 'q_overall': '4'}",55,recalled_1_sd,recalled_uncert_pop,4,3,4,,1994025
fef6e8cf-0115-4281-98a1-1f5102f8da54,SE_NO_FEEDBACK,PAPER_REVIEW_PILOT2,das-20210803-prod,9a39741a-2920-46ad-9d5a-3d8c394888a3,PAPER_A_UNDERSTANDING,paper-review-pilot-2,45010064645373691044721645373631110166424,"{'q_appeal': '3', 'q_sample_size': '3', 'q_overall': '2'}",75,recalled_1_sd,recalled_uncert_pop,3,3,2,,41607
fdb64e3b-caba-4d1d-a1b3-e5e9f4098197,SE_POINTS_NO_FEEDBACK,PAPER_REVIEW_PILOT2,das-20210803-prod,20d84cc4-a81a-4cc2-8a63-de48c937f46a,PAPER_A_UNDERSTANDING,paper-review-pilot-2,45010064645373692045151075373631440344024,"{'q_appeal': '3', 'q_sample_size': '4', 'q_overall': '2'}",60,recalled_1_se,recalled_uncert_avg,3,4,2,,330778
3a531d25-e85a-4788-8f39-2d90d6cc8644,SE_POINTS_NO_FEEDBACK,PAPER_REVIEW_PILOT2,das-20210803-prod,7c14909e-2bab-4837-ace5-faca5abb7f5d,PAPER_A_UNDERSTANDING,paper-review-pilot-2,0501466051151411151486041084439032,"{'q_appeal': '2', 'q_sample_size': '4', 'q_overall': '3'}",51,recalled_1_se,recalled_uncert_avg,2,4,3,,141756
99ca7f9f-0efc-4fe8-91a0-e78584806cde,SE_NO_FEEDBACK,PAPER_REVIEW_PILOT2,das-20210803-prod,2993437a-c65d-4539-9868-cb2998e26cab,PAPER_A_UNDERSTANDING,paper-review-pilot-2,4501006464537369104472124537369108647031080192024,"{'q_appeal': '1', 'q_sample_size': '3', 'q_overall': '3'}",50,recalled_1_se,recalled_uncert_avg,1,3,3,,63531
a6f08e03-0206-46df-9dd8-c57519be4dba,SE_POINTS_NO_FEEDBACK,PAPER_REVIEW_PILOT2,das-20210803-prod,1e383f05-6057-430a-8c0b-cfec9edbec6b,PAPER_A_UNDERSTANDING,paper-review-pilot-2,4501006464537369104472124537369108646731080192024,"{'q_appeal': '1', 'q_sample_size': '3', 'q_overall': '5'}",50,recalled_1_se,recalled_uncert_avg,1,3,5,,523318
0759d639-c44e-429e-928e-9a6113577831,SE_POINTS_NO_FEEDBACK,PAPER_REVIEW_PILOT2,das-20210803-prod,cb5a5521-f909-469d-b467-195d5d1a5087,PAPER_A_UNDERSTANDING,paper-review-pilot-2,25010157537369204515131537362900144030,"{'q_appeal': '5', 'q_sample_size': '5', 'q_overall': '3'}",60,recalled_1_se,recalled_uncert_pop,5,5,3,,48420
4a8d8602-c529-405d-95df-a17885e36c87,SE_POINTS_NO_FEEDBACK,PAPER_REVIEW_PILOT2,das-20210803-prod,d5696505-fae3-4a97-9ae0-7db1092ca5d8,PAPER_A_UNDERSTANDING,paper-review-pilot-2,4501006464537369204515107537369209026231440344024,"{'q_appeal': '5', 'q_sample_size': '3', 'q_overall': '2'}",60,recalled_1_se,recalled_uncert_avg,5,3,2,,874425
ca3392cd-8f7a-4708-9a97-197f27a589a4,SE_POINTS_NO_FEEDBACK,PAPER_REVIEW_PILOT2,das-20210803-prod,21fffe95-43bd-468e-b1c8-5ed5a31a1cda,PAPER_A_UNDERSTANDING,paper-review-pilot-2,4501006464537369204515107537369209026231440344030,"{'q_appeal': '4', 'q_sample_size': '2', 'q_overall': '3'}",60,recalled_1_sd,recalled_uncert_pop,4,2,3,,189505
60ded4ed-998c-4baf-9cb0-3ec8ad06fef9,SE_NO_FEEDBACK,PAPER_REVIEW_PILOT2,das-20210803-prod,e139e8a1-75a5-4f7f-96e1-c8ddd420f44c,PAPER_A_UNDERSTANDING,paper-review-pilot-2,4501006464537369204515107537369209026231440256024,"{'q_appeal': '4', 'q_sample_size': '3', 'q_overall': '3'}",99,recalled_1_se,recalled_uncert_pop,4,3,3,,615640
4aee13fd-a289-4805-8dfb-03c98a3f4b50,SE_NO_FEEDBACK,PAPER_REVIEW_PILOT2,das-20210803-prod,e55ab358-865d-4fe8-81de-e7a55fb7395d,PAPER_A_UNDERSTANDING,paper-review-pilot-2,450100646453736920451510753736920902623864153624,"{'q_appeal': '2', 'q_sample_size': '4', 'q_overall': '3'}",56,recalled_2_sd,recalled_uncert_avg,2,4,3,,955921
10264e26-878a-4b77-b304-36dc0f011816,SE_POINTS_NO_FEEDBACK,PAPER_REVIEW_PILOT2,das-20210803-prod,1b8a7d43-5cea-4307-a669-936a941a4725,PAPER_A_UNDERSTANDING,paper-review-pilot-2,4501006464537369204515107537369209025531080192024,"{'q_appeal': '4', 'q_sample_size': '4', 'q_overall': '2'}",71,recalled_1_se,recalled_uncert_avg,4,4,2,,112968
7e37b74f-a520-445b-8952-de6e25c5521b,SE_NO_FEEDBACK,PAPER_REVIEW_PILOT2,das-20210803-prod,5bb9e58c-9113-46d4-ac10-5ad662c66358,PAPER_A_UNDERSTANDING,paper-review-pilot-2,450100646453736920451510753736920902623900160024,"{'q_appeal': '2', 'q_sample_size': '4', 'q_overall': '4'}",100,recalled_1_sd,recalled_uncert_pop,2,4,4,,604166
9add8cdf-f9aa-4787-a6f4-52159450dda6,SE_POINTS_NO_FEEDBACK,PAPER_REVIEW_PILOT2,das-20210803-prod,35f6cd88-5cf3-4eec-8e74-0ce0901a8cdc,PAPER_A_UNDERSTANDING,paper-review-pilot-2,45010064537369104472124537363720128024,"{'q_appeal': '3', 'q_sample_size': '5', 'q_overall': '4'}",55,recalled_1_se,recalled_uncert_avg,3,5,4,,376950
8f421186-56c0-4301-90c2-edd8b8766276,SE_NO_FEEDBACK,PAPER_REVIEW_PILOT2,das-20210803-prod,c9d56abd-73be-463b-8d36-3eb9219c4765,PAPER_A_UNDERSTANDING,paper-review-pilot-2,450100646453736920451510753736920902623720128024,"{'q_appeal': '2', 'q_sample_size': '2', 'q_overall': '3'}",60,recalled_1_se,recalled_uncert_pop,2,2,3,,1585789
16936ba1-9e88-4684-8b96-2bd99d4d6aeb,SE_POINTS_NO_FEEDBACK,PAPER_REVIEW_PILOT2,das-20210803-prod,a76017db-05f7-4b9a-937f-27738e840e99,PAPER_A_UNDERSTANDING,paper-review-pilot-2,4501006464537369204515107537369209026231440344024,"{'q_appeal': '4', 'q_sample_size': '1', 'q_overall': '5'}",55,recalled_1_se,recalled_uncert_avg,4,1,5,,43933
828f2ef6-4a2e-4d69-8834-58b66101d97d,SE_NO_FEEDBACK,PAPER_REVIEW_PILOT2,das-20210803-prod,bb09c4be-9641-40f0-bd08-67f1e738c9ae,PAPER_A_UNDERSTANDING,paper-review-pilot-2,4501006464537369204515107537369209026231080192024,"{'q_appeal': '3', 'q_sample_size': '3', 'q_overall': '4'}",55,recalled_1_se,recalled_uncert_pop,3,3,4,,1795285
54ad435d-ad06-4380-84c9-393c518f3941,SE_NO_FEEDBACK,PAPER_REVIEW_PILOT2,das-20210803-prod,1b1081ce-4f8f-49d0-8144-52e302bc6f4b,PAPER_A_UNDERSTANDING,paper-review-pilot-2,4501006464537369204515107537369209025531110166424,"{'q_appeal': '4', 'q_sample_size': '5', 'q_overall': '2'}",99,recalled_1_sd,recalled_uncert_pop,4,5,2,,439429
94428446-6124-431e-9c2d-14a4f4eb9074,SE_NO_FEEDBACK,PAPER_REVIEW_PILOT2,das-20210803-prod,c301f10d-eaac-4f1d-adc3-3bd6f0cb67c3,PAPER_A_UNDERSTANDING,paper-review-pilot-2,4501006464537369204515107537369209026231200192024,"{'q_appeal': '3', 'q_sample_size': '4', 'q_overall': '2'}",60,recalled_2_se,recalled_uncert_avg,3,4,2,,618898
413c41b0-034a-4efe-ab17-78b921466eb1,SE_POINTS_NO_FEEDBACK,PAPER_REVIEW_PILOT2,das-20210803-prod,5bc3d8db-fd7c-4b75-8bd5-359715536a1d,PAPER_A_UNDERSTANDING,paper-review-pilot-2,4501006464537369204515107537369209026231440256024,"{'q_appeal': '5', 'q_sample_size': '4', 'q_overall': '2'}",53,recalled_1_se,recalled_uncert_avg,5,4,2,,191523
f91beb7c-d193-4ed6-bb8f-a1c121e5887d,SE_NO_FEEDBACK,PAPER_REVIEW_PILOT2,das-20210803-prod,a8c74d0a-8bda-4e90-ac8f-880a1c18947f,PAPER_A_UNDERSTANDING,paper-review-pilot-2,4501006464537369104472164537369108647131080192024,"{'q_appeal': '4', 'q_sample_size': '3', 'q_overall': '3'}",59,recalled_1_sd,recalled_uncert_pop,4,3,3,,53352
07bc3e8d-d7f8-4410-bb1c-5914edbbc7c6,SE_NO_FEEDBACK,PAPER_REVIEW_PILOT2,das-20210803-prod,fc8f9464-7530-4249-8b23-8ada14d98d48,PAPER_A_UNDERSTANDING,paper-review-pilot-2,4501006464537369204515107537369209026232560144024,"{'q_appeal': '5', 'q_sample_size': '4', 'q_overall': '1'}",80,recalled_1_se,recalled_uncert_avg,5,4,1,,2156270
673dc1ff-ef65-4a1d-b5e2-7ff36d77bcb6,SE_NO_FEEDBACK,PAPER_REVIEW_PILOT2,das-20210803-prod,da5d27d2-91c3-49f0-b654-de010360ae1d,PAPER_A_UNDERSTANDING,paper-review-pilot-2,450100646453736920451510753736920902623720128024,"{'q_appeal': '3', 'q_sample_size': '4', 'q_overall': '2'}",99,recalled_1_se,recalled_uncert_avg,3,4,2,,1102144
4fccd338-0afa-4bce-b16b-d1dca8179139,SE_NO_FEEDBACK,PAPER_REVIEW_PILOT2,das-20210803-prod,84c57b9f-1fd2-4b81-8c3b-2ad4ba07f53f,PAPER_A_UNDERSTANDING,paper-review-pilot-2,4501006464537369204515107537369209026231080192024,"{'q_appeal': '4', 'q_sample_size': '3', 'q_overall': '4'}",65,recalled_1_se,recalled_uncert_pop,4,3,4,,2520076
3cb0619c-358c-4f18-b71a-f1561e48e8a3,SE_POINTS_NO_FEEDBACK,PAPER_REVIEW_PILOT2,das-20210803-prod,8d9160c4-87f0-4e1f-b60e-2c389d38a9d5,PAPER_A_UNDERSTANDING,paper-review-pilot-2,4501006464537369204515107537369209026231000150024,"{'q_appeal': '4', 'q_sample_size': '2', 'q_overall': '3'}",70,recalled_1_sd,recalled_uncert_pop,4,2,3,,448281
678c4e22-cf50-4115-9a67-41bb58cbcd81,SE_NO_FEEDBACK,PAPER_REVIEW_PILOT2,das-20210803-prod,05b1e392-5a10-40d1-8132-92763ed73bdf,PAPER_A_UNDERSTANDING,paper-review-pilot-2,4501006464537369204515107537369209026231000150024,"{'q_appeal': '4', 'q_sample_size': '3', 'q_overall': '2'}",100,recalled_2_sd,recalled_uncert_avg,4,3,2,,449807
852924d5-bb14-4d7d-86d6-c7b270043bbe,SE_NO_FEEDBACK,PAPER_REVIEW_PILOT2,das-20210803-prod,46029545-263f-41c9-a5db-ab9e5b382a88,PAPER_A_UNDERSTANDING,paper-review-pilot-2,4501006464537369204515107537369209026231080192024,"{'q_appeal': '4', 'q_sample_size': '3', 'q_overall': '3'}",99,recalled_1_se,recalled_uncert_avg,4,3,3,,305830
d8a6f584-84fe-489d-b6c0-f0aef1ca12e1,SE_NO_FEEDBACK,PAPER_REVIEW_PILOT2,das-20210803-prod,9cebc304-9715-4ce6-82f7-6ae0b8786875,PAPER_A_UNDERSTANDING,paper-review-pilot-2,4501006464537369104472164537369108647131003150424,"{'q_appeal': '3', 'q_sample_size': '4', 'q_overall': '2'}",99,recalled_1_sd,recalled_uncert_pop,3,4,2,,436540
c7689072-bfc1-4831-8769-40b1975266e7,SE_NO_FEEDBACK,PAPER_REVIEW_PILOT2,das-20210803-prod,46123820-5245-45a9-9d9f-225943d71e83,PAPER_A_UNDERSTANDING,paper-review-pilot-2,4501006464537369204515107537369209026231080162024,"{'q_appeal': '4', 'q_sample_size': '2', 'q_overall': '3'}",55,recalled_1_se,recalled_uncert_avg,4,2,3,,99048
023b6ec7-178e-4493-8ff1-bd6e1d69b0d4,SE_NO_FEEDBACK,PAPER_REVIEW_PILOT2,das-20210803-prod,a4a70169-800d-40b1-8bf4-a157c73ce1f4,PAPER_A_UNDERSTANDING,paper-review-pilot-2,4501006464537369204515107537369209026231080192024,"{'q_appeal': '2', 'q_sample_size': '2', 'q_overall': '4'}",65,recalled_1_se,recalled_uncert_pop,2,2,4,,699564
4958668c-9eb9-4c1d-ba9a-715fd87aeaa8,SE_POINTS_NO_FEEDBACK,PAPER_REVIEW_PILOT2,das-20210803-prod,1e42206e-c59f-4e7b-8875-c306da052413,PAPER_A_UNDERSTANDING,paper-review-pilot-2,4501006464537369204515107537369209026231000150024,"{'q_appeal': '4', 'q_sample_size': '2', 'q_overall': '3'}",75,recalled_1_se,recalled_uncert_pop,4,2,3,,80846
1180b1d5-4dbd-45f3-b6fd-7a4ca0c8df4f,SE_POINTS_NO_FEEDBACK,PAPER_REVIEW_PILOT2,das-20210803-prod,bed73a0b-2219-4f6a-ad0e-79fcf2800818,PAPER_A_UNDERSTANDING,paper-review-pilot-2,450100646453736930457718537369309611031200192024,"{'q_appeal': '4', 'q_sample_size': '3', 'q_overall': '3'}",99,recalled_1_sd,recalled_uncert_avg,4,3,3,,82225
0c5f689c-3329-4679-a421-cadc072e365f,SE_NO_FEEDBACK,PAPER_REVIEW_PILOT2,das-20210803-prod,f3a32dbb-7bb2-4497-92c0-f0a92210001e,PAPER_A_UNDERSTANDING,paper-review-pilot-2,4501006464537369204515107537369209026231080192024,"{'q_appeal': '3', 'q_sample_size': '4', 'q_overall': '3'}",79,recalled_1_se,recalled_uncert_avg,3,4,3,,1087276
30687080-4956-4018-9f13-297ddfea2836,SE_POINTS_NO_FEEDBACK,PAPER_REVIEW_PILOT2,das-20210803-prod,594a905e-5fd9-4261-a290-0927c7c6c326,PAPER_A_UNDERSTANDING,paper-review-pilot-2,4501006464537369204515107537369209026231080162024,"{'q_appeal': '3', 'q_sample_size': '4', 'q_overall': '2'}",66,recalled_1_se,recalled_uncert_avg,3,4,2,,14708070
c47e460d-c521-4740-8ee0-55ef17f7d1a2,SE_POINTS_NO_FEEDBACK,PAPER_REVIEW_PILOT2,das-20210803-prod,ec9c88a6-6ac4-4cd0-8d3c-2e7f67a0384f,PAPER_A_UNDERSTANDING,paper-review-pilot-2,4501015753736920451510753736920902623960153630,"{'q_appeal': '4', 'q_sample_size': '5', 'q_overall': '2'}",52,recalled_1_se,recalled_uncert_avg,4,5,2,,764224
475e0aae-29b0-4d39-ac23-97d9cfb0644d,SE_NO_FEEDBACK,PAPER_REVIEW_PILOT2,das-20210803-prod,50813907-7541-45d7-a2c6-c758a441f151,PAPER_A_UNDERSTANDING,paper-review-pilot-2,450100646453736920451510753736920902623720128024,"{'q_appeal': '4', 'q_sample_size': '3', 'q_overall': '3'}",55,recalled_1_se,recalled_uncert_avg,4,3,3,,43575
8bf988b2-f375-4cf5-853a-d45f8302f91f,SE_POINTS_NO_FEEDBACK,PAPER_REVIEW_PILOT2,das-20210803-prod,c3aaa51f-de7a-4bdc-909c-0542920856a3,PAPER_A_UNDERSTANDING,paper-review-pilot-2,4501006464537369204515107537363864153624,"{'q_appeal': '4', 'q_sample_size': '4', 'q_overall': '2'}",75,recalled_1_se,recalled_uncert_avg,4,4,2,,53217
437c83f7-b8d7-4b2d-8a7f-f280cbdb05f9,SE_POINTS_NO_FEEDBACK,PAPER_REVIEW_PILOT2,das-20210803-prod,1b2e9393-f2bc-48a6-a97a-d6664d09a7a9,PAPER_A_UNDERSTANDING,paper-review-pilot-2,4501006464537369204515107537369209026231235219524,"{'q_appeal': '4', 'q_sample_size': '5', 'q_overall': '2'}",99,recalled_1_sd,recalled_uncert_avg,4,5,2,,293372
ba6ae9f0-7663-42c7-926e-e30626301f84,SE_POINTS_NO_FEEDBACK,PAPER_REVIEW_PILOT2,das-20210803-prod,602af4f1-717e-4ca7-ba65-50e3dad77c7e,PAPER_A_UNDERSTANDING,paper-review-pilot-2,450100645373692045151075373631200192024,"{'q_appeal': '4', 'q_sample_size': '4', 'q_overall': '5'}",59,recalled_2_sd,recalled_uncert_pop,4,4,5,,81685
192a7eb6-750a-4d21-b34f-944eeb551d05,SE_POINTS_NO_FEEDBACK,PAPER_REVIEW_PILOT2,das-20210803-prod,0a520204-1d91-4c1e-aa1a-cb792c438b60,PAPER_A_UNDERSTANDING,paper-review-pilot-2,4501006464537369204515131537369209026731235219524,"{'q_appeal': '2', 'q_sample_size': '4', 'q_overall': '4'}",50,recalled_1_sd,recalled_uncert_pop,2,4,4,,305451
9865402c-647c-432c-b006-743fde554c9c,SE_POINTS_NO_FEEDBACK,PAPER_REVIEW_PILOT2,das-20210803-prod,e7eb8d56-6060-4a87-bfe2-b0b14447387b,PAPER_A_UNDERSTANDING,paper-review-pilot-2,45010157537369204515107537369209025531440344024,"{'q_appeal': '4', 'q_sample_size': '1', 'q_overall': '4'}",50,recalled_1_se,recalled_uncert_pop,4,1,4,,739970
b48efea0-c086-4399-84f1-94ba7a20ac61,SE_POINTS_NO_FEEDBACK,PAPER_REVIEW_PILOT2,das-20210803-prod,bb36caa8-2257-4bf4-8934-17fb92700aa3,PAPER_A_UNDERSTANDING,paper-review-pilot-2,4501006464537369204515107537369209025531080204824,"{'q_appeal': '5', 'q_sample_size': '2', 'q_overall': '3'}",55,recalled_1_sd,recalled_uncert_pop,5,2,3,,390083
5b65c32b-996a-411d-87fd-17c7800641a8,SE_NO_FEEDBACK,PAPER_REVIEW_PILOT2,das-20210803-prod,996992ed-4093-463a-ab8e-a3728ee2da39,PAPER_A_UNDERSTANDING,paper-review-pilot-2,4501006464537369104472124537369108647031440256024,"{'q_appeal': '5', 'q_sample_size': '2', 'q_overall': '2'}",50,recalled_1_se,recalled_uncert_avg,5,2,2,,321810
ba009637-795d-4e95-bef0-bdf96831d2f2,SE_NO_FEEDBACK,PAPER_REVIEW_PILOT2,das-20210803-prod,f7d5c684-8d34-47a9-a3c6-5ef84d5d0c4c,PAPER_A_UNDERSTANDING,paper-review-pilot-2,4501006464537369204515131537369209026731440256024,"{'q_appeal': '5', 'q_sample_size': '3', 'q_overall': '2'}",100,recalled_1_se,recalled_uncert_pop,5,3,2,,364111
46ea9a04-34ea-4421-ba26-543f519f5909,SE_NO_FEEDBACK,PAPER_REVIEW_PILOT2,das-20210803-prod,cf01b3ce-a0d7-474f-bf4d-0fa8db3a9cf2,PAPER_A_UNDERSTANDING,paper-review-pilot-2,4501006464537369204515131537369209026731080192024,"{'q_appeal': '4', 'q_sample_size': '3', 'q_overall': '3'}",100,recalled_1_se,recalled_uncert_pop,4,3,3,,208567
afc6fcc2-144c-49c5-b651-bef98c21e795,SE_POINTS_NO_FEEDBACK,PAPER_REVIEW_PILOT2,das-20210803-prod,29920c1a-b738-4b31-8a6c-27770935c417,PAPER_A_UNDERSTANDING,paper-review-pilot-2,450100646453736930454405373693093313864153624,"{'q_appeal': '5', 'q_sample_size': '5', 'q_overall': '2'}",60,recalled_2_sd,recalled_uncert_pop,5,5,2,,340984
2baa64bf-1d4d-40af-bf9d-623542debb71,SE_NO_FEEDBACK,PAPER_REVIEW_PILOT2,das-20210803-prod,64d613dd-b29f-4b46-8ef7-644b4ba2b706,PAPER_A_UNDERSTANDING,paper-review-pilot-2,450100645373692045151075373631080192024,"{'q_appeal': '3', 'q_sample_size': '4', 'q_overall': '3'}",50,recalled_1_sd,recalled_uncert_avg,3,4,3,,175476
5a74ccd7-4c13-4a67-83a0-3761029569ed,SE_NO_FEEDBACK,PAPER_REVIEW_PILOT2,das-20210803-prod,75298aa6-ba64-4809-8002-79f66adda61b,PAPER_A_UNDERSTANDING,paper-review-pilot-2,4501006464537369104472124537369108647031440344024,"{'q_appeal': '2', 'q_sample_size': '5', 'q_overall': '2'}",100,recalled_2_sd,recalled_uncert_pop,2,5,2,,1084787
d47e8686-5140-4c52-b881-f873532a9dde,SE_POINTS_NO_FEEDBACK,PAPER_REVIEW_PILOT2,das-20210803-prod,655d0cfd-2952-45ac-8c00-4bd92d5bf9d0,PAPER_A_UNDERSTANDING,paper-review-pilot-2,4501006464537369204515131537369209026731080162024,"{'q_appeal': '5', 'q_sample_size': '4', 'q_overall': '3'}",65,recalled_1_sd,recalled_uncert_pop,5,4,3,,1426643
356741e6-b88a-4a2e-b531-016fb4f9b6a6,SE_POINTS_NO_FEEDBACK,PAPER_REVIEW_PILOT2,das-20210803-prod,4f3b4012-e791-4a5d-b1f0-5db21a0de3f6,PAPER_A_UNDERSTANDING,paper-review-pilot-2,4501006464537369204515131537369209026731200192024,"{'q_appeal': '4', 'q_sample_size': '4', 'q_overall': '2'}",51,recalled_1_sd,recalled_uncert_pop,4,4,2,,256221
a0a403d3-6be4-4cf9-b8d3-837f3f7d2c02,SE_NO_FEEDBACK,PAPER_REVIEW_PILOT2,das-20210803-prod,b8e01994-adc0-43f0-b5bf-bc7911194e7e,PAPER_A_UNDERSTANDING,paper-review-pilot-2,450100646453736910447216453736910864713960144024,"{'q_appeal': '3', 'q_sample_size': '4', 'q_overall': '2'}",50,recalled_1_se,recalled_uncert_avg,3,4,2,,495700
7a692e70-75ad-45bb-8440-f181e2328094,SE_NO_FEEDBACK,PAPER_REVIEW_PILOT2,das-20210803-prod,c50c4aa3-233f-4dde-92f6-facf5b6f2fde,PAPER_A_UNDERSTANDING,paper-review-pilot-2,4501006464537369204515131537369209026731080192024,"{'q_appeal': '3', 'q_sample_size': '5', 'q_overall': '3'}",99,recalled_1_se,recalled_uncert_avg,3,5,3,,857902
150f3150-5413-44ee-a0be-264ebe05c279,SE_NO_FEEDBACK,PAPER_REVIEW_PILOT2,das-20210803-prod,b7430dd8-02a0-4ed9-9814-65ed29557561,PAPER_A_UNDERSTANDING,paper-review-pilot-2,45010064645373692045151315373631080192024,"{'q_appeal': '4', 'q_sample_size': '3', 'q_overall': '3'}",90,recalled_1_se,recalled_uncert_avg,4,3,3,,1330119
d533e618-21f4-4383-abe2-cfc0e124daa0,SE_POINTS_NO_FEEDBACK,PAPER_REVIEW_PILOT2,das-20210803-prod,bb89221a-0c01-4067-af64-5720c10a887e,PAPER_A_UNDERSTANDING,paper-review-pilot-2,4501006464537369204515107537369209025531080192024,"{'q_appeal': '5', 'q_sample_size': '5', 'q_overall': '3'}",51,recalled_1_sd,recalled_uncert_pop,5,5,3,,2734828
2bc159e2-3b76-4073-93e4-a80efed65472,SE_POINTS_NO_FEEDBACK,PAPER_REVIEW_PILOT2,das-20210803-prod,f5c21d7a-d165-4081-8ead-b0fa99849fc3,PAPER_A_UNDERSTANDING,paper-review-pilot-2,4501006464537369204515107537369209026231152275224,"{'q_appeal': '5', 'q_sample_size': '3', 'q_overall': '2'}",50,recalled_1_se,recalled_uncert_pop,5,3,2,,463244
3ff20ec2-2bfc-4f09-8118-499b423e5dc0,SE_POINTS_NO_FEEDBACK,PAPER_REVIEW_PILOT2,das-20210803-prod,13b00682-0dae-4d29-954a-5978ea6f13a1,PAPER_A_UNDERSTANDING,paper-review-pilot-2,4501006464537369104472124537369108646731200192024,"{'q_appeal': '2', 'q_sample_size': '1', 'q_overall': '5'}",50,recalled_1_se,recalled_uncert_avg,2,1,5,,3069880
52421cdc-819b-47fe-8130-3aa00dd446e7,SE_NO_FEEDBACK,PAPER_REVIEW_PILOT2,das-20210803-prod,d7a01bf1-659a-42c1-b5e8-05409d944de1,PAPER_A_UNDERSTANDING,paper-review-pilot-2,4501006464537369104472101537369108644831080192024,"{'q_appeal': '3', 'q_sample_size': '4', 'q_overall': '2'}",99,recalled_2_se,recalled_uncert_avg,3,4,2,,210109
a7a6a35f-3e04-49be-af40-6d25c85b1fd9,SE_NO_FEEDBACK,PAPER_REVIEW_PILOT2,das-20210803-prod,84c4d9c1-e739-42dd-adb0-4108edffca94,PAPER_A_UNDERSTANDING,paper-review-pilot-2,450100645373691044721245373631204180524,"{'q_appeal': '3', 'q_sample_size': '4', 'q_overall': '3'}",99,recalled_1_sd,recalled_uncert_pop,3,4,3,,532603
102b0903-0cab-47e1-8d5e-70d85abcd811,SE_POINTS_NO_FEEDBACK,PAPER_REVIEW_PILOT2,das-20210803-prod,bc94c0b9-487e-43ff-901f-0de180c32773,PAPER_A_UNDERSTANDING,paper-review-pilot-2,4501006464537369204515131537369209026731080192024,"{'q_appeal': '2', 'q_sample_size': '3', 'q_overall': '4'}",50,recalled_2_se,recalled_uncert_avg,2,3,4,,1611216
05a417be-8f5d-469d-8726-090578997348,SE_NO_FEEDBACK,PAPER_REVIEW_PILOT2,das-20210803-prod,d2f7ed32-1295-4ab5-a5a4-9a5b991a88a0,PAPER_A_UNDERSTANDING,paper-review-pilot-2,4501006464537369204515131537369209026731080192024,"{'q_appeal': '2', 'q_sample_size': '2', 'q_overall': '4'}",50,recalled_2_sd,recalled_uncert_pop,2,2,4,,225737
79dc2c16-574c-4cb1-9940-4e640d234ed1,SE_POINTS_NO_FEEDBACK,PAPER_REVIEW_PILOT2,das-20210803-prod,1f1c23d1-ea6d-4e5e-9565-afc2c9fadb07,PAPER_A_UNDERSTANDING,paper-review-pilot-2,4501006464537369204515107537369209026231440344024,"{'q_appeal': '5', 'q_sample_size': '5', 'q_overall': '2'}",60,recalled_1_sd,recalled_uncert_pop,5,5,2,,3415783
f584638d-4927-4a8b-8967-8a3fc0fe6dbf,SE_NO_FEEDBACK,PAPER_REVIEW_PILOT2,das-20210803-prod,091960c8-5643-4499-8239-b1a25dd8b347,PAPER_A_UNDERSTANDING,paper-review-pilot-2,450100646453736920451513153736920902673864129624,"{'q_appeal': '4', 'q_sample_size': '3', 'q_overall': '4'}",60,recalled_1_se,recalled_uncert_avg,4,3,4,,417489
a9cc4da9-2459-4c79-a431-ea764794d295,SE_NO_FEEDBACK,PAPER_REVIEW_PILOT2,das-20210803-prod,a16b5798-647b-41b5-bdc2-ba9609e370ca,PAPER_A_UNDERSTANDING,paper-review-pilot-2,4501006464537369204515107537369209025531003150424,"{'q_appeal': '3', 'q_sample_size': '4', 'q_overall': '3'}",80,recalled_2_se,recalled_uncert_avg,3,4,3,,5730057
998538d8-6211-4177-b6f7-bc6638cba4db,SE_POINTS_NO_FEEDBACK,PAPER_REVIEW_PILOT2,das-20210803-prod,1cb091dc-da2b-436d-bd4e-c4ca9d9ceee3,PAPER_A_UNDERSTANDING,paper-review-pilot-2,450100645373692045151315373631080162024,"{'q_appeal': '4', 'q_sample_size': '5', 'q_overall': '3'}",51,recalled_1_se,recalled_uncert_avg,4,5,3,,930403
0b3ba232-3390-4e92-a464-cc85b9d909fa,SE_NO_FEEDBACK,PAPER_REVIEW_PILOT2,das-20210803-prod,cdd7b86e-a12a-42d3-95c2-236be7dc9b16,PAPER_A_UNDERSTANDING,paper-review-pilot-2,4501006464537369204515107537369209025531080192024,"{'q_appeal': '5', 'q_sample_size': '2', 'q_overall': '4'}",70,recalled_1_se,recalled_uncert_pop,5,2,4,,733092
94d5d2fd-4978-4a4b-abd1-b861f7a22803,SE_NO_FEEDBACK,PAPER_REVIEW_PILOT2,das-20210803-prod,5145ccbb-88b1-4364-b509-b7aba191ca17,PAPER_A_UNDERSTANDING,paper-review-pilot-2,4501006464537369204515107537369209026231080192024,"{'q_appeal': '3', 'q_sample_size': '3', 'q_overall': '2'}",90,recalled_1_se,recalled_uncert_pop,3,3,2,,646042
fbbb2aeb-cf35-4795-8d37-42fc4bf43eed,SE_POINTS_NO_FEEDBACK,PAPER_REVIEW_PILOT2,das-20210803-prod,49eb4bfb-e372-4cbb-b364-6fd8b25d9b53,PAPER_A_UNDERSTANDING,paper-review-pilot-2,450100646453736910447212453736910864703720128024,"{'q_appeal': '4', 'q_sample_size': '2', 'q_overall': '3'}",50,recalled_1_sd,recalled_uncert_avg,4,2,3,,11878050
0b4b9f40-baef-416c-a543-554cf3ffe475,SE_POINTS_NO_FEEDBACK,PAPER_REVIEW_PILOT2,das-20210803-prod,2b6a0a8f-c840-463b-b681-9fddc2f5c2b3,PAPER_A_UNDERSTANDING,paper-review-pilot-2,4501006464537369204515131537369209026731003150424,"{'q_appeal': '5', 'q_sample_size': '3', 'q_overall': '3'}",65,recalled_2_sd,recalled_uncert_pop,5,3,3,,590238
7af41386-1bed-4c33-952f-74fb33714c94,SE_NO_FEEDBACK,PAPER_REVIEW_PILOT2,das-20210803-prod,2d46d190-1f1a-49b1-adb6-f7a012890939,PAPER_A_UNDERSTANDING,paper-review-pilot-2,4501006464537369204515131537369209026731080192024,"{'q_appeal': '3', 'q_sample_size': '4', 'q_overall': '2'}",80,recalled_1_sd,recalled_uncert_avg,3,4,2,,346000
7961b721-dbc4-449d-82fd-8b0ccc37aeeb,SE_NO_FEEDBACK,PAPER_REVIEW_PILOT2,das-20210803-prod,7dc193b7-8176-452f-b018-9dcb7508e648,PAPER_A_UNDERSTANDING,paper-review-pilot-2,4501006464537369404585053736940972231080192024,"{'q_appeal': '4', 'q_sample_size': '1', 'q_overall': '3'}",100,recalled_1_sd,recalled_uncert_pop,4,1,3,,33016471
77d36d3d-e7a9-415d-8b15-1734fc19c424,SE_NO_FEEDBACK,PAPER_REVIEW_PILOT2,das-20210803-prod,73f9780c-a472-446d-a4f5-45eee9487333,PAPER_A_UNDERSTANDING,paper-review-pilot-2,4501006464537369204515131537369209026731080162024,"{'q_appeal': '4', 'q_sample_size': '4', 'q_overall': '2'}",99,recalled_1_se,recalled_uncert_avg,4,4,2,,645612
b6569430-6af2-44b1-b5c8-00bec981eae8,SE_NO_FEEDBACK,PAPER_REVIEW_PILOT2,das-20210803-prod,4968797b-5759-4d09-8d21-9ba3d7a24191,PAPER_A_UNDERSTANDING,paper-review-pilot-2,45010157537369204515107537369209026231120179230,"{'q_appeal': '2', 'q_sample_size': '5', 'q_overall': '2'}",99,recalled_1_se,recalled_uncert_pop,2,5,2,,262009
9e9e7c95-9ab3-4b8d-be3f-354e37210d64,SE_NO_FEEDBACK,PAPER_REVIEW_PILOT2,das-20210803-prod,7edd37ee-268b-4397-9dce-47e2371eda39,PAPER_A_UNDERSTANDING,paper-review-pilot-2,4501006464537369204515131537369209026731600256024,"{'q_appeal': '5', 'q_sample_size': '3', 'q_overall': '3'}",100,recalled_1_se,recalled_uncert_avg,5,3,3,,697952
fc2df37e-fdcb-409a-9bf5-69be77f643f5,SE_POINTS_NO_FEEDBACK,PAPER_REVIEW_PILOT2,das-20210803-prod,cbf4a5b9-60ca-4cb8-ba46-dda1b814c341,PAPER_A_UNDERSTANDING,paper-review-pilot-2,450100646453736920451513153736920902673912136824,"{'q_appeal': '3', 'q_sample_size': '1', 'q_overall': '3'}",66,recalled_2_sd,recalled_uncert_pop,3,1,3,,428180
2cf3564e-3723-4273-9d4f-7900271539aa,SE_NO_FEEDBACK,PAPER_REVIEW_PILOT2,das-20210803-prod,35f5e038-33c9-4311-9591-80ffe6e11232,PAPER_A_UNDERSTANDING,paper-review-pilot-2,4501006464537369204515107537369209025531110166424,"{'q_appeal': '4', 'q_sample_size': '5', 'q_overall': '2'}",99,recalled_1_se,recalled_uncert_avg,4,5,2,,310914
9ca96700-f4be-419c-9e3c-8e94d53d9d48,SE_NO_FEEDBACK,PAPER_REVIEW_PILOT2,das-20210803-prod,2da33057-b0c2-4dd1-b853-4ae023458788,PAPER_A_UNDERSTANDING,paper-review-pilot-2,450100645373691044721245373631152204824,"{'q_appeal': '4', 'q_sample_size': '4', 'q_overall': '2'}",99,recalled_1_sd,recalled_uncert_pop,4,4,2,,3289972
0f6f9090-950a-47a8-9dfb-4dbdfec7c666,SE_NO_FEEDBACK,PAPER_REVIEW_PILOT2,das-20210803-prod,6acd84a7-1488-47b0-a3f5-d0e0e5ab4406,PAPER_A_UNDERSTANDING,paper-review-pilot-2,4501006464537369204515131537369209026731000150024,"{'q_appeal': '2', 'q_sample_size': '4', 'q_overall': '5'}",58,recalled_1_se,recalled_uncert_avg,2,4,5,,464287
720821eb-276c-4d5b-a54f-41aa54e6a705,SE_POINTS_NO_FEEDBACK,PAPER_REVIEW_PILOT2,das-20210803-prod,6e560ef4-b6b5-4315-b329-899dd2006fb2,PAPER_A_UNDERSTANDING,paper-review-pilot-2,4501006464537369204515131537369209026731000150024,"{'q_appeal': '2', 'q_sample_size': '4', 'q_overall': '4'}",58,recalled_1_se,recalled_uncert_avg,2,4,4,,179270
658047c6-b79d-46e0-82f4-b78348e6ffbe,SE_POINTS_NO_FEEDBACK,PAPER_REVIEW_PILOT2,das-20210803-prod,a1b125cf-f820-476c-9502-0ac34c1cd3ce,PAPER_A_UNDERSTANDING,paper-review-pilot-2,450100646453736910447212453736910864703720128024,"{'q_appeal': '4', 'q_sample_size': '2', 'q_overall': '3'}",59,recalled_1_se,recalled_uncert_avg,4,2,3,,969334
f6279b7c-f55d-459b-9a87-cc51be5d73c3,SE_POINTS_NO_FEEDBACK,PAPER_REVIEW_PILOT2,das-20210803-prod,7e83b6a8-b9e8-4b49-ba83-07c3fc00981b,PAPER_A_UNDERSTANDING,paper-review-pilot-2,450100646453736920451513153736920902673720128024,"{'q_appeal': '4', 'q_sample_size': '2', 'q_overall': '3'}",59,recalled_1_se,recalled_uncert_avg,4,2,3,,216609
a28f9e81-7288-4ccb-a158-5428700e2352,SE_NO_FEEDBACK,PAPER_REVIEW_PILOT2,das-20210803-prod,6fd11cee-bd84-4531-a74d-8658d3db6d55,PAPER_A_UNDERSTANDING,paper-review-pilot-2,4501006464537369204515131537369209026731080192024,"{'q_appeal': '2', 'q_sample_size': '2', 'q_overall': '3'}",75,recalled_2_sd,recalled_uncert_pop,2,2,3,,4609467
5be23c75-d423-4dac-bbe7-5336aa854a46,SE_NO_FEEDBACK,PAPER_REVIEW_PILOT2,das-20210803-prod,0388dce0-eb5d-4d93-aae0-fd9e892169a1,PAPER_A_UNDERSTANDING,paper-review-pilot-2,450100645373691044721245373631728307224,"{'q_appeal': '4', 'q_sample_size': '3', 'q_overall': '4'}",51,recalled_1_se,recalled_uncert_avg,4,3,4,,771613
a76b0d12-6f13-410b-80e4-515122708bbe,SE_POINTS_NO_FEEDBACK,PAPER_REVIEW_PILOT2,das-20210803-prod,74ab3d7f-0abf-4326-a8ab-479add667a16,PAPER_A_UNDERSTANDING,paper-review-pilot-2,450100646453736920451513153736920902673832124824,"{'q_appeal': '2', 'q_sample_size': '4', 'q_overall': '3'}",59,recalled_1_sd,recalled_uncert_avg,2,4,3,,630031
